setting,drive_id,config_id,driving_model,controller_set,window_start_s,eligible_s,eligible_frac,speed_median_mps,speed_p25_mps,speed_p75_mps,road_curv_median,road_curv_abs_median,lat_median,lon_median,steer_rms_deg,steer_pp_sine_deg,actual_curv_rms_1pm,lat_accel_rms_mps2,lat_disp_pp_sine_cm,cmd_curv_rms_1pm,desired_curv_rms_1pm,controls_curv_rms_1pm,model_path_y20_rms_m,model_curv_rms_1pm,lane_center_y20_rms_m,lane_good_frac,steer_peak_freq_hz,x_m,y_m,speed_bin,curv_bin,x_cell_500m,y_cell_500m,speed_curve_stratum,gps_speed_curve_stratum
primary,drive_01,A,CD210,set1,120.0,30.0,1.0,25.48362321195874,24.871521830895528,25.808466913602594,-0.0002577891917500859,0.0003101315687604294,33.8985089448185,-84.6559522248324,0.8727324724136627,2.4684601976216096,2.083670213547692,0.13118289928467275,17.109602177189156,1.7328002943758016,1.7328054503693033,2.1595244095730606,0.03373499784678873,1.7151491729802153,0.11317752821978193,0.7383333333333333,0.234375,-4197.694951411067,-167.88382154447362,10,-1,-9,-1,10|-1,-9|-1|10|-1
primary,drive_01,A,CD210,set1,150.0,30.0,1.0,27.376480698470438,26.592590600664863,27.797270872412163,0.00037457191270905273,0.00037457191270905273,33.89669215267279,-84.6477518311104,0.7062278226958981,1.9975139299635214,1.598327369728597,0.12001426710095701,22.54021509441409,1.39390496814653,1.3938849380229978,1.5996250708938302,0.029304142762987238,1.4321283959025444,0.1119285882283463,0.915,0.1953125,-3440.0036847624856,-368.7120253313258,10,0,-7,-1,10|0,-7|-1|10|0
primary,drive_01,A,CD210,set1,180.0,21.8,0.7266666666666667,23.61139377740308,22.13588445628818,27.172474959778334,-0.0003852442853862349,0.0003852442853862349,33.89802042052601,-84.63786704706266,0.9410800536273335,2.6617763502371496,2.3164902753447505,0.12554490597125376,23.57893984570678,2.0284495846101755,2.0285647891899843,2.40335188992924,0.03747956754174908,1.8456469208575756,0.130095930617951,0.8325688073394495,0.1953125,-2526.67991037076,-221.8852968366275,9,-1,-6,-1,9|-1,-6|-1|9|-1
primary,drive_01,A,CD210,set1,210.0,20.3,0.6766666666666666,21.704948925516383,21.39210743461161,22.1853008820841,-0.0003669671472794785,0.0003669671472794785,33.898933966241145,-84.63283585435326,1.194837204095479,3.379509957719553,3.18789059048181,0.14946769404935453,19.494406645006013,2.8443979730003046,2.8444160979198707,3.2185551691622716,0.04921935708034462,2.4792830124068064,0.1275866369964933,0.8817733990147784,0.234375,-2061.8131117797243,-120.90195348550395,8,-1,-5,-1,8|-1,-5|-1|8|-1
primary,drive_01,A,CD210,set1,270.0,20.1,0.67,21.463574796638145,20.879969258041328,21.744874366766744,-0.0006073246574338732,0.0006073246574338732,33.901446855476316,-84.62306156454807,1.3204452648183784,3.7347832037549678,3.3901128036502923,0.15472807811131262,29.0599130088466,3.1547904163477822,3.154817041903203,3.5245625938267735,0.059065346345932995,2.6629083213624143,0.12941610598747272,0.945273631840796,0.1953125,-1158.698667016804,156.8728225702138,8,-2,-3,0,8|-2,-3|0|8|-2
primary,drive_01,A,CD210,set1,300.0,30.0,1.0,22.494099503499363,22.109950737173758,22.766466723662226,-0.00040298216129630875,0.00040298216129630875,33.90333424244123,-84.61538829150055,0.9235084309734178,2.6120762960970096,2.342505678301696,0.11704989872598826,21.983468780789003,2.157367705508668,2.1574019633564525,2.3884496522700256,0.04028556758733909,2.3906899311050154,0.11838336895955338,0.9766666666666667,0.1953125,-449.7117364124493,365.5045776721357,8,-1,-1,0,8|-1,-1|0|8|-1
primary,drive_02,B,CD210,set2,120.0,21.8,0.7266666666666667,27.790497337439827,27.637606827180925,27.90371379492452,0.00036778463853181994,0.00040794675145014816,33.89726994942696,-84.65248769565707,0.5208020848863776,1.4730507435169982,1.0309172367139814,0.07934138057414696,41.39257373376949,1.2665723672606748,1.2666029956387752,1.0994435606581714,0.024951164163690986,1.3164357169829617,0.10467280511804578,0.9013761467889908,0.1171875,-3877.5830655446834,-304.84237212517496,11,0,-8,-1,11|0,-8|-1|11|0
primary,drive_02,B,CD210,set2,150.0,30.0,1.0,27.831904001501357,27.62218538038814,27.906514676116856,0.00016792828833002394,0.00027313308745491804,33.896777086856716,-84.6446538525426,0.5068971674411765,1.433721697847635,1.125662748968462,0.08634648096344713,25.33902193171923,1.1312028300133612,1.131206979654075,1.1482340416827674,0.022219619692256512,1.1448862946701281,0.10437932031721127,0.945,0.15625,-3153.759952491075,-359.32340064034577,11,0,-7,-1,11|0,-7|-1|11|0
primary,drive_02,B,CD210,set2,180.0,30.0,1.0,27.690816550709947,27.585110959515397,27.82958454193634,-0.00029930570497185014,0.00029930570497185014,33.89839629924716,-84.63572108282375,0.5682120248265338,1.6071463036263238,1.147361774344838,0.08645336578315796,25.370388083073646,1.1400887712341419,1.1401144417130875,1.344410604804078,0.025698680005927732,2.075661413464092,0.07288079723883167,0.805,0.15625,-2328.3993865959233,-180.33566300059945,11,-1,-5,-1,11|-1,-5|-1|11|-1
primary,drive_02,B,CD210,set2,1140.0,25.1,0.8366666666666667,25.14213208687936,24.998271979091598,26.230601235695097,-1.4917649155297733e-05,0.00029669954861597067,33.89793886540579,-84.59465571871041,0.8507330522940119,2.4062364410265022,2.2247135015579356,0.14273583143674012,26.807615627546497,2.5256278880505016,2.5255607454035185,2.2090114581575797,0.04596706601565426,2.2192319178346587,0.12975338623064156,0.9960159362549801,0.1953125,1465.9144970069408,-230.90039982552668,10,-1,2,-1,10|-1,2|-1|10|-1
primary,drive_02,B,CD210,set2,1170.0,24.7,0.8233333333333334,26.233618354452283,25.140151165172973,26.796179847181342,6.983278507359621e-05,0.0003659779075648336,33.89567003009837,-84.58636511795208,1.677591351006669,4.7449448814268695,4.527763056793452,0.27551758006912386,143.738130915219,4.377638178379579,4.377887348810649,4.610281276557902,0.07696697394810136,3.5084485979934827,0.2049077416574737,0.979757085020243,0.1171875,2231.9406175575195,-481.69745470759267,10,0,4,-1,10|0,4|-1|10|0
primary,drive_02,B,CD210,set2,1260.0,22.35,0.745,26.997138500213623,25.87973053898125,27.401352802845324,-0.00045334218869221113,0.00045334218869221113,33.89729908832991,-84.59299142617154,1.6980478359396385,4.802804558288242,3.9180784212599127,0.2771270580125848,144.57779911818557,4.495657193248064,4.495565496970648,4.1753506089759584,0.08376196566792726,4.387658654095482,0.16131386061485675,1.0,0.1171875,1619.6900307927276,-301.6213577935632,10,-1,3,-1,10|-1,3|-1|10|-1
primary,drive_02,B,CD210,set2,1350.0,30.0,1.0,27.962900191545486,27.61555486312136,28.14209416712266,-0.00033034973397648237,0.00034247324116788724,33.90441528338231,-84.61052112005181,0.6169859296524867,1.745099739015838,1.2213005120051372,0.08851258611980513,25.974681722957282,1.120185506241843,1.1201747917801854,1.4938206493901987,0.02306067201807629,1.0242560950892954,0.08787077177028248,0.8833333333333333,0.15625,0.0,485.00284329921374,11,-1,0,0,11|-1,0|0|11|-1
primary,drive_02,B,CD210,set2,1380.0,30.0,1.0,27.79657673149398,27.755713048158093,27.844362880393852,-4.4450136877205374e-05,0.0001970972178470954,33.90266690034427,-84.61944248183494,0.800975484349857,2.2655007861918532,1.712604632738698,0.13239550115741291,24.865569283612615,1.615503123788619,1.615496297882766,1.812116670794926,0.03365068734779678,14.225566501036788,0.09226985202316793,0.8566666666666667,0.1953125,-824.3065075698627,291.7365822741209,11,-1,-2,0,11|-1,-2|0|11|-1
primary,drive_02,B,CD210,set2,1590.0,30.0,1.0,26.658806223981763,25.73177978306495,27.089088654428856,-0.00031412218703062364,0.00031412218703062364,33.89753169383643,-84.64095372071816,0.884118838989439,2.500665705696839,1.916736716974924,0.13389392886118967,25.146993180641,1.8001665319598001,1.8000910624590516,2.0587531910119456,0.03322205695477014,1.8166047663442604,0.10642881420063832,0.925,0.1953125,-2811.87910336711,-275.9091451030338,10,-1,-6,-1,10|-1,-6|-1|10|-1
primary,drive_02,B,CD210,set2,1620.0,30.0,1.0,28.01051259266608,27.878695084597755,28.099241090818445,-0.0009888593923881943,0.0009888593923881943,33.89683892189885,-84.64992418131249,0.5752798319768173,1.6271370810826609,1.2762214739022173,0.09960847584203744,12.991490540509353,1.109094970498639,1.1090599255487132,1.3282506886782017,0.0243665086028872,1.0750244607913786,0.07507094294664443,0.905,0.234375,-3640.722190729699,-352.4881550830773,11,-2,-8,-1,11|-2,-8|-1|11|-2
primary,drive_02,B,CD210,set2,1650.0,30.0,1.0,27.49339175094133,27.154554580387316,28.14869899358722,-0.0003380844241418988,0.0003380844241418988,33.89970265854528,-84.65852039210378,0.739736467201132,2.092290688995602,1.9523670167995586,0.14623858765988937,14.012999014493209,1.58566703929724,1.5857138358960867,1.9396771648803508,0.08576346301012308,15.570923350383566,0.0727288791990127,0.7716666666666666,0.2734375,-4434.985742412159,-35.93070618644447,10,-1,-9,-1,10|-1,-9|-1|10|-1
primary,drive_03,C,OPM7,set1,360.0,30.0,1.0,28.711339200463186,27.029214217600362,30.064999883809783,-0.00037251680907971656,0.00037251680907971656,33.93261297420523,-84.26123126594501,0.4893401102035891,1.3840628409261213,0.9601359070207045,0.0738862200502108,7.079988567423884,0.9461456966272874,0.9461542067177158,1.117322646701874,0.01748499982548655,0.7042364409318728,0.04088615603166946,1.0,0.2734375,32273.312838072157,3601.9755868641287,11,-1,64,7,11|-1,64|7|11|-1
primary,drive_03,C,OPM7,set1,390.0,30.0,1.0,28.456195158309107,28.225365595756102,28.73568675942316,-0.0003451443854158195,0.0003451443854158195,33.929108418555344,-84.26937263902225,0.44534049913949597,1.2596131475141579,0.9255137470488831,0.07496646827344314,5.499867981094832,0.8493872483432212,0.8493897988967898,1.0120715329352499,0.01636343348837518,0.6764298866191661,0.045732757760679636,1.0,0.3125,31521.074898252744,3214.5820053260677,11,-1,63,6,11|-1,63|6|11|-1
primary,drive_03,C,OPM7,set1,420.0,21.9,0.73,30.19309117832232,28.922704252657077,30.414796736074727,0.00031445147293388025,0.0004038594570285138,33.92492364182549,-84.27914288968887,0.48181440214234145,1.3627769241127674,1.0116524196928565,0.08814936488384627,8.446723829953559,1.2531562614654979,1.2531342306806772,1.0665811184294391,0.023703593532450187,1.1945934363566895,0.0693604564175693,1.0,0.2734375,30618.333657524403,2751.996785607594,12,0,61,5,12|0,61|5|12|0
primary,drive_03,C,OPM7,set1,450.0,22.7,0.7566666666666666,26.8215813381518,26.227471561279074,28.07142275714916,0.0007345699191432934,0.0007345699191432934,33.920559152847005,-84.28358390259021,0.5084329092799662,1.4380654317210755,1.3009603040099773,0.09560626663511657,49.87800076665147,1.1730489652834168,1.1730882162499183,1.3482633162112145,0.028507814069067907,1.5483749384666023,0.06977073746476245,1.0,0.1171875,30207.99766580393,2269.5461739262473,10,1,60,4,10|1,60|4|10|1
primary,drive_03,C,OPM7,set1,540.0,22.15,0.7383333333333333,33.921592154869664,33.54066361312137,34.26941353958789,-0.000298309746088542,0.000298309746088542,33.920352935791016,-84.30457269466476,0.44711872046427725,1.2646427169429713,0.7451120314605982,0.08578663199170916,44.75507565399769,0.9161913849737342,0.916175971699745,0.8531945447664444,0.017308973308342746,0.7987356088954506,0.06528940475911761,1.0,0.1171875,28268.697555162875,2246.750940557162,13,-1,56,4,13|-1,56|4|13|-1
primary,drive_03,C,OPM7,set1,570.0,30.0,1.0,33.79040561815607,33.541240596211004,33.99012021442384,-0.0002873502501844762,0.0002873502501844762,33.92033004760742,-84.31431441059146,0.28270903965279787,0.7996219161649197,0.4380902371450318,0.05038047132701462,9.46209719644087,0.5095360021540022,0.5095656349298519,0.5251876199050652,0.00842020598005963,0.412359140662323,0.030789068579366204,1.0,0.1953125,27368.592837016236,2244.2208807427087,13,-1,54,4,13|-1,54|4|13|-1
primary,drive_03,C,OPM7,set1,600.0,30.0,1.0,33.31897109554948,32.573771936598774,33.60877954967427,-0.0002200324907448597,0.00024236727865716473,33.920310974121094,-84.32542764228674,0.312862218693185,0.884907985660079,0.6036852766479606,0.06564430662682329,8.561694990023716,0.6033980419947577,0.6033974153297935,0.6318653754565476,0.012665009886483804,0.6313896154368349,0.0446445258192083,1.0,0.234375,26341.7642620472,2242.1124975639977,13,-1,52,4,13|-1,52|4|13|-1
primary,drive_03,C,OPM7,set1,630.0,30.0,1.0,33.132081790305705,32.649326658836536,33.61705773752935,-0.00021360521834453528,0.000244850452413975,33.91875094530113,-84.33605770362216,0.39777784214217543,1.1250856383379373,0.7082968687478812,0.07923942373888737,41.339382627305184,0.7215548511095454,0.7215517669692051,0.8115159959123607,0.013705637378311082,0.6498605964902265,0.03573120156766981,1.0,0.1171875,25359.579148645695,2069.66691180491,13,-1,50,4,13|-1,50|4|13|-1
primary,drive_03,C,OPM7,set1,810.0,30.0,1.0,32.079605086767,30.516460958235125,32.37876214411497,6.152382059674672e-05,0.0003280613734839961,33.91572095649528,-84.40304190703581,0.8857894046304007,2.505390778869404,1.7682749500880626,0.1705614516955478,16.343685293781032,1.6514820034275544,1.6514653898713763,1.9136911059646053,0.03310213575601936,1.5866951787355468,0.06688576163376543,1.0,0.2734375,19170.443888745176,1734.7319492063205,12,0,38,3,12|0,38|3|12|0
primary,drive_03,C,OPM7,set1,840.0,30.0,1.0,33.66067729188519,30.82587151825428,34.74928854334739,-7.8923266175773e-06,0.00028841238135001997,33.91597366333008,-84.41410450606456,0.5167343232776362,1.461545376245833,0.9845146505858666,0.10679186212023868,10.233101143777358,0.9399349774647364,0.939941826156504,1.0411864018310841,0.01769372899644371,0.8662177190964734,0.06514710439231386,1.0,0.2734375,18148.29361710358,1762.6661627251306,13,-1,36,3,13|-1,36|3|13|-1
primary,drive_03,C,OPM7,set1,870.0,20.65,0.6883333333333332,32.34766006340852,31.541769782968817,32.99745519145005,0.0004181103409854275,0.0004181103409854275,33.91417101710997,-84.42246668160037,0.7141138361071333,2.019818944201971,1.3215473236921806,0.14033707795288625,18.303540991822018,1.4923148808791438,1.492315062131055,1.468207372733609,0.026825172331604422,1.3888823571970594,0.10897379594482244,1.0,0.234375,17375.65420630784,1563.4016495545695,12,0,34,3,12|0,34|3|12|0
primary,drive_03,C,OPM7,set1,1500.0,30.0,1.0,23.97062343442292,23.528945159984797,24.38809715715882,-0.0008666004598663179,0.0008666004598663179,33.89448165893555,-84.50576707131006,0.6171442902502281,1.745547650425981,1.487569611608019,0.0844306769043302,8.0903885300438,1.3192858630611175,1.3192859297941555,1.5304798213050272,0.02570309375947822,0.9213584336000558,0.04932623120822339,0.925,0.2734375,9678.953300096595,-613.0600030463538,9,-2,19,-2,9|-2,19|-2|9|-2
primary,drive_03,C,OPM7,set1,1620.0,28.05,0.935,23.86691247687048,22.35172614630531,24.1057895610207,-0.00039731059178380165,0.00039731059178380165,33.89452362060547,-84.52893306582214,0.7045023694438765,1.9926336111830218,1.7960157139792707,0.0934613082945668,8.95572941439334,1.97654064044095,1.976546680864614,1.8446661639331465,0.034704350084534576,1.4312270326289351,0.077306333660661,1.0,0.2734375,7538.486351792552,-608.4215600531898,9,-1,15,-2,9|-1,15|-2|9|-1
primary,drive_03,C,OPM7,set1,1770.0,21.3,0.7100000000000001,20.91867631781262,20.63196842693513,21.16930888929219,-0.0004482424523784041,0.0004482424523784041,33.89480209350586,-84.55314366895972,0.5121469929059362,1.4485704465923448,1.2719786235683834,0.05475938550925902,7.142023134414945,1.6749410260121507,1.6750361568778245,1.355536755817162,0.026774740856583747,0.987812601984933,0.05699019913182106,0.9483568075117371,0.234375,5301.500765550832,-577.6391656440101,8,-1,10,-2,8|-1,10|-2|8|-1
primary,drive_03,C,OPM7,set1,1800.0,26.25,0.875,20.76344159245491,20.456084909110235,21.4412472981673,-0.0004891438593666923,0.0004891438593666923,33.894866943359375,-84.55876286316855,0.616710285734009,1.7443201002800446,1.6195166832615635,0.071408630043029,6.842578818844375,1.6347094372135056,1.6348090242619793,1.6614024457507108,0.025205090822658687,1.0660657559769962,0.07525704571526236,0.8419047619047619,0.2734375,4782.304429134746,-570.4706628363929,8,-1,9,-2,8|-1,9|-2|8|-1
primary,drive_03,C,OPM7,set1,1830.0,20.7,0.69,20.38189412880579,20.106974630972537,20.691950884115485,-0.00047294832954749086,0.00047294832954749086,33.8950080871582,-84.56688751955576,0.5820182075877604,1.6461960854373803,1.4312269193881793,0.06177886247104989,11.602860909980818,1.5648025476115894,1.5648055300479435,1.4873537933021483,0.025971596123872023,0.9926813009762366,0.04748714592070858,0.9106280193236715,0.1953125,4031.611060279853,-554.8686273139319,8,-1,8,-2,8|-1,8|-2|8|-1
primary,drive_03,C,OPM7,set1,1950.0,25.9,0.8633333333333333,23.364111362777955,22.663547793333915,24.076496890038253,-0.0006025761772773079,0.0006025761772773079,33.89669983567194,-84.59153719669165,1.9736020620236578,5.582189605682727,5.179158326980135,0.2880558070416801,150.27935165900553,6.271170408944849,6.271582416731102,5.26495039448895,0.10986117088798619,6.167961473886143,0.14283476463394196,0.9980694980694981,0.1171875,1754.0563812349826,-367.8627466056045,9,-2,3,-1,9|-2,3|-1|9|-2
primary,drive_03,C,OPM7,set1,2070.0,24.35,0.8116666666666668,21.497805600033868,21.206855096073618,21.627806840124336,-0.0004714341606686655,0.0004714341606686655,33.904701232910156,-84.60921358302528,0.6748178645791484,1.9086731524389646,1.9134652902377445,0.08869580939870568,26.02844996725236,1.8397741282100302,1.839769701148335,1.9597142035457293,0.030717710814075382,1.3520835896250225,0.06847999331723781,0.9075975359342916,0.15625,120.81241698991398,516.6117041069665,8,-1,0,1,8|-1,0|1|8|-1
primary,drive_03,C,OPM7,set1,2100.0,30.0,1.0,23.86198718300046,23.20591993636141,24.54070824820505,-0.0004088612645006737,0.0004088612645006737,33.90335725285135,-84.61600664299755,0.760944551087849,2.152276208724685,1.8712575116586498,0.10588024486848074,13.809489483777103,2.002928387144914,2.0029288085850827,1.9410629023013763,0.03262825495168183,1.4192789608032574,0.07199747739105002,0.94,0.234375,-506.84552106668707,368.04814840655325,9,-1,-2,0,9|-1,-2|0|9|-1
primary,drive_03,C,OPM7,set1,2130.0,23.7,0.7899999999999999,22.554762979800053,22.315157533380663,22.6116673056751,-4.076292605244264e-05,0.00018995701203335216,33.90177426290134,-84.6225026772043,0.7195975960408619,2.0353293595441255,1.7043069726880469,0.08629669986991854,16.2076245099242,1.9111111353743695,1.91112470173197,1.823735797646254,0.033571743046577486,11.34325316357189,0.09094815644586995,0.8586497890295358,0.1953125,-1107.0591880147433,193.0644393325528,9,-1,-3,0,9|-1,-3|0|9|-1
primary,drive_03,C,OPM7,set1,2340.0,30.0,1.0,21.754959272765895,21.107291992947744,23.598942929363794,-0.0007214225356738523,0.0007214225356738523,33.897053292393686,-84.64372290322478,0.6172209434256407,1.745764458346516,1.534029989120579,0.07255966482717494,9.463634407173064,1.6287892220255058,1.6287892222001457,1.639291937842618,0.02733728097653904,1.14648873778254,0.06473497415869144,0.91,0.234375,-3067.743086506795,-328.7916405836761,8,-2,-7,-1,8|-2,-7|-1|8|-2
primary,drive_03,C,OPM7,set1,2370.0,30.0,1.0,22.626227742996672,22.438447722405517,23.135407386720917,-0.001130597955516966,0.001130597955516966,33.897091969122755,-84.6512437177134,0.6290222144733536,1.779143493484349,1.5807688139758729,0.08194482903744552,10.687699638852882,1.5336598889840398,1.533659876285025,1.6211962757626839,0.027525622055300014,1.0556564739070318,0.06303226960856807,0.99,0.234375,-3762.643313164836,-324.5163149523657,9,-3,-8,-1,9|-3,-8|-1|9|-3
primary,drive_03,C,OPM7,set1,2400.0,30.0,1.0,23.213957522276456,22.940110209557385,23.58711841957874,-0.00036303864557085035,0.00036303864557085035,33.89961273610141,-84.65820218333275,0.6926921432943297,1.959229247192257,1.7407774117020287,0.09460090112596795,12.338374839212223,1.6596867055811257,1.659685074343793,1.7965377526144812,0.02773671669345674,2.14454024476439,0.06685364946232233,0.8216666666666667,0.234375,-4405.584226465842,-45.870733131805395,9,-1,-9,-1,9|-1,-9|-1|9|-1
primary,drive_04,A,CD210,set1,120.0,22.3,0.7433333333333334,25.21944100448486,25.04229637862685,26.285826239447346,-0.00040316665867662187,0.00040316665867662187,33.89944384922272,-84.6581749212568,0.8353909055061834,2.362842296899971,1.8739747959506932,0.12096586937722664,22.718938178840446,1.7010873163872753,1.7011151338223378,2.035311909144624,0.03363650058868933,1.6546887675697526,0.10049736930751083,0.6390134529147982,0.1953125,-4403.065294137069,-64.53948870219676,10,-1,-9,-1,10|-1,-9|-1|10|-1
primary,drive_04,A,CD210,set1,150.0,30.0,1.0,26.46398106512236,26.315944925626777,26.54069698898755,0.00037249763132448993,0.00037249763132448993,33.89671534923918,-84.64898086060248,0.5554945217795577,1.5711757730492144,1.3154622587248046,0.09236606407163259,12.046894980640543,1.1129214762226527,1.1127977501575603,1.336293764461255,0.02307486632672414,1.109683087833343,0.07768501367376088,0.885,0.234375,-3553.562245993969,-366.1478768827293,10,0,-8,-1,10|0,-8|-1|10|0
primary,drive_04,A,CD210,set1,180.0,28.7,0.9566666666666667,26.336723634635025,26.200839950713576,26.573145354292073,-0.00032049770766223,0.00032049770766223,33.89753675024684,-84.64054490412637,0.6911565091451806,1.954885817911117,1.6917384114753824,0.10558823623968132,13.771404096898873,1.4544419289809063,1.4544062229458508,1.6855981055176477,0.027368686996953138,1.2878301377281054,0.08552207901271416,1.0,0.234375,-2774.1057022648783,-275.3502094956818,10,-1,-6,-1,10|-1,-6|-1|10|-1
primary,drive_04,A,CD210,set1,210.0,21.6,0.7200000000000001,21.89514230941618,20.99265439886286,22.70521131052825,-0.00037343900392061864,0.00037343900392061864,33.89878355376989,-84.63366804902108,1.1051515261993818,3.1258405536569818,2.7176619383388716,0.1263745292881965,16.482467861595836,2.4218394649935626,2.4219604798955623,2.9594181628607235,0.04456867825808399,2.1048628134053566,0.10926241531261399,0.8842592592592593,0.234375,-2138.705350535079,-137.52854805823063,8,-1,-5,-1,8|-1,-5|-1|8|-1
primary,drive_04,A,CD210,set1,270.0,28.85,0.9616666666666667,21.063077212668755,20.781661163370515,21.381724257622995,-0.0007520894198688334,0.0007520894198688334,33.9021844897992,-84.62108420643676,1.1428943452769709,3.2325933669004225,2.9000567152669885,0.1279647672682887,16.689875529476318,2.443590474510043,2.4437500798222676,3.057464323252855,0.04810531569391644,2.190958585359468,0.12379227366817416,0.9410745233968805,0.234375,-975.9968330851776,238.4109206215149,8,-2,-2,0,8|-2,-2|0|8|-2
primary,drive_04,A,CD210,set1,300.0,23.0,0.7666666666666667,22.221799441933516,21.54565176669152,22.440419181786915,-0.00033736323589551474,0.00033736323589551474,33.90376293049979,-84.61321083578167,0.8857274179980702,2.5052154541971485,2.2998249273660467,0.11020541293512902,32.340604321090396,1.9738188732259114,1.9738495433819416,2.3170738274932408,0.03941881398403309,1.9333298293368497,0.11522505521320184,0.9521739130434783,0.15625,-248.52149632906648,412.8917556648428,8,-1,-1,0,8|-1,-1|0|8|-1
primary,drive_04,A,CD210,set1,420.0,21.8,0.7266666666666667,24.4012151806839,23.872239292970736,24.800520168328138,0.00012786556998308488,0.00034651115053044843,33.89644221009427,-84.5911174524151,1.9436729436166096,5.497537275360491,5.07913299736738,0.29528863725208676,86.65466353730834,4.7321590395111155,4.732192228365042,5.1775460365503845,0.09846186703471875,4.414514305650012,0.1278985877872352,1.0,0.15625,1792.8394669431573,-396.3406779609586,9,0,3,-1,9|0,3|-1|9|0
primary,drive_04,A,CD210,set1,450.0,25.75,0.8583333333333333,22.39392330509206,20.932976834118396,23.742581249127554,-0.00019540406571253317,0.0002912390435548306,33.89538353579552,-84.58503181203761,1.8272674670086673,5.168292867853578,4.793860243784722,0.22497876889961987,117.3719213457274,4.714156984419066,4.7143390580224205,5.924239558848086,0.12292018460850432,12.781211497881113,0.07845328154395026,0.9378640776699029,0.1171875,2355.134000877003,-513.3665349452446,8,-1,4,-2,8|-1,4|-2|8|-1
primary,drive_04,A,CD210,set1,540.0,27.15,0.9049999999999999,24.786541350844765,24.023418624448908,25.35010535725011,-0.0006870123936111305,0.0006870123936111305,33.89755808363298,-84.59370015164096,1.2371691554056006,3.4992427970485354,3.234818119441657,0.18443223740349843,54.12302222787338,2.953884548160206,2.9538735516897754,3.278244427214778,0.06385707129531372,3.0502939269856935,0.0870360197018572,0.996316758747698,0.15625,1554.2059678517116,-272.99201699212585,9,-2,3,-1,9|-2,3|-1|9|-2
primary,drive_04,A,CD210,set1,660.0,30.0,1.0,24.46544124606364,23.49385313547124,25.458894152496832,-0.00036213095595023434,0.00036213095595023434,33.90438135919724,-84.61077939756387,0.5760976417567235,1.6294501964470303,1.4362276575626904,0.08453993030867454,24.808876103524764,1.3284532107348912,1.3284254458887046,1.4362128729866988,0.024679308430989595,1.2169403122520184,0.08347354735776244,0.9433333333333334,0.15625,-23.86405115335974,481.25286388098925,9,-1,-1,0,9|-1,-1|0|9|-1
primary,drive_04,A,CD210,set1,690.0,24.0,0.8,25.55698120175562,25.09125922521309,25.81664296959517,-0.00016687674264305463,0.0002121202722765249,33.90293526548328,-84.61813923740911,0.6100621157802538,1.7255162360529208,1.4125472935451302,0.09194548722173881,17.268539057904796,1.3268692188173203,1.32682532860638,1.4514503726855519,0.02547100902661423,1.3111131771059712,0.08119710596710178,0.9145833333333333,0.1953125,-703.8907137394065,321.4016647399754,10,-1,-2,0,10|-1,-2|0|10|-1
primary,drive_04,A,CD210,set1,750.0,22.85,0.7616666666666667,24.27075487442231,23.099081660818864,24.552339933536672,-0.0004669088402184831,0.0004669088402184831,33.899654453013746,-84.62943241987861,0.8409265742872691,2.378499532634004,2.0888995057393815,0.1127746309101268,21.180518777564135,1.8754412061886625,1.875359110568675,2.1120206640972627,0.03722135596497322,154.4022603641498,0.09384896683256103,0.9212253829321663,0.1953125,-1747.3461891572492,-41.25934564226881,9,-1,-4,-1,9|-1,-4|-1|9|-1
primary,drive_04,A,CD210,set1,840.0,25.7,0.8566666666666667,23.195792320802678,22.23737878511868,26.605094743699066,-0.00039992612661188487,0.00039992612661188487,33.89732008568516,-84.64221842916264,0.5217836507196573,1.4758270309445707,1.274268532983578,0.0676055188738942,12.697181541801003,1.010272764307895,1.0104029123925278,1.3102961767030727,0.021610477600268164,1.1078489983495683,0.05895714688982352,0.9357976653696498,0.1953125,-2928.73429053553,-299.30031014422,9,-1,-6,-1,9|-1,-6|-1|9|-1
primary,drive_04,A,CD210,set1,870.0,30.0,1.0,23.79055925610843,23.099254051169435,24.13269238155949,-0.0010686627884271857,0.0010686627884271857,33.89688104886589,-84.65010801151749,0.6159813290526226,1.7422582994296463,1.581135696226174,0.08718778532608315,11.371515111907176,1.481213857387025,1.481359493303148,1.5682157987916048,0.02682976561430428,1.376161176129558,0.07539874612665363,0.9766666666666667,0.234375,-3657.707538701879,-347.8314401458766,9,-3,-8,-1,9|-3,-8|-1|9|-3
primary,drive_04,A,CD210,set1,900.0,30.0,1.0,24.029612795260157,23.482566239800143,24.242640676281667,-0.00028603219462145657,0.00028603219462145657,33.899238696205444,-84.6573412229773,0.937335729301459,2.651185801749999,2.3015880465022787,0.12906307870562447,16.83312340600551,1.9055731658779653,1.9055321290726863,2.425036341640673,0.035189776452930005,1.7516270554050748,0.10101077729118846,0.8816666666666667,0.234375,-4326.034126266756,-87.21710323193179,9,-1,-9,-1,9|-1,-9|-1|9|-1
primary,drive_05,C,OPM7,set1,240.0,22.4,0.7466666666666666,28.18150138522205,28.049235478005283,28.326447460895103,0.00029496946731690453,0.00029496946731690453,33.897428870283136,-84.65295136995616,0.431691397248506,1.2210076574972573,0.9279560846004963,0.07369805230107081,21.62724575159423,0.9425830356701411,0.9424272692716192,1.0609903993491145,0.017541660603191133,0.9156796492265807,0.06649834440393014,0.9241071428571429,0.15625,-3920.4251508024367,-287.2752606838637,11,0,-8,-1,11|0,-8|-1|11|0
primary,drive_05,C,OPM7,set1,270.0,30.0,1.0,28.289035477724163,28.066545947586402,28.367254019031364,0.00022104711508539758,0.00027156798426195754,33.89674531739334,-84.64493935753057,0.39753082872464884,1.1243869788876288,0.8542909310614474,0.0682226215149724,35.59189253999069,0.7947097623024592,0.7947033178205826,0.8772364705503504,0.015067288070853026,0.6027962962186708,0.04317783958331739,0.895,0.1171875,-3180.1397390359507,-362.83519712198,11,0,-7,-1,11|0,-7|-1|11|0
primary,drive_05,C,OPM7,set1,300.0,30.0,1.0,28.171357048064003,28.108622909624764,28.342151360477445,-0.0002814251422325914,0.0002814251422325914,33.898373750246705,-84.63585985741162,0.4454483404508042,1.2599181688042302,0.8754717914770443,0.06949190654553726,9.063520336964139,0.8547808549822951,0.8547822794206187,1.0297750794717273,0.014954412002459703,0.6208030198678237,0.05102240454208386,0.8083333333333333,0.234375,-2341.2217335251557,-182.8282295109267,11,-1,-5,-1,11|-1,-5|-1|11|-1
primary,drive_05,C,OPM7,set1,330.0,30.0,1.0,27.903315014511577,26.754343907394308,28.172761012442397,-3.613598463051907e-05,0.00020372963004615553,33.90002770564304,-84.62698778402847,0.8058781445477495,2.279367603278986,1.5905265469512668,0.11756759704934176,61.33527541809226,1.5930096328425956,1.5930096362847164,1.9163963474757277,0.031961876124171416,1.5551096671194005,0.053236094806091046,0.735,0.1171875,-1521.4693231702142,0.0,11,-1,-4,0,11|-1,-4|0|11|-1
primary,drive_05,C,OPM7,set1,360.0,27.15,0.9049999999999999,28.238593246396732,28.223007624099097,28.264950005500324,-0.0005297264456399404,0.0005297264456399404,33.90272020873328,-84.61874868166845,0.5854769588208085,1.655978911242683,1.2685574304961869,0.10105189492703251,52.718997091251346,1.255571505665018,1.255592245906648,1.3980416748747422,0.023347939965936055,1.1201957200966242,0.08046921911737107,0.9502762430939227,0.1171875,-760.2014969120937,297.6292915948652,11,-2,-2,0,11|-2,-2|0|11|-2
primary,drive_05,C,OPM7,set1,390.0,22.45,0.7483333333333333,26.193277399017386,21.93962753212059,28.063817396471578,-0.00022209146075054012,0.00022209146075054012,33.90464401245117,-84.60881113210795,0.6382661406889014,1.8052892651315569,1.5611512820800684,0.09359731947684712,27.466834832307203,1.34489435464663,1.3448987794527187,1.6729220797797846,0.028689080635686377,16.711707586640518,0.09583663062777187,0.8396436525612472,0.15625,157.99764926735742,510.28655457083374,10,-1,0,1,10|-1,0|1|10|-1
primary,drive_05,C,OPM7,set1,570.0,24.45,0.815,24.929600462484895,23.780979741825146,25.414417793078975,0.00011300108453201215,0.00032092785988651116,33.896947904975114,-84.59231194764554,1.4981627301966551,4.237444103372027,4.0114669927034585,0.22542490251106018,66.1526270086385,4.4766744271957695,4.4766584265699185,4.1730848225469925,0.08629647179892946,4.38527062109817,0.140346371463792,1.0,0.15625,1682.4717657282713,-340.44116583256607,9,0,3,-1,9|0,3|-1|9|0
primary,drive_05,C,OPM7,set1,750.0,30.0,1.0,23.88754804049009,23.563843376328293,24.24709286880371,0.0001422783569396833,0.0001422783569396833,33.8805887507382,-84.5886459350586,1.5343062013552307,4.339673277579425,1.6080061544582016,0.08978920115333873,46.843224838551315,5.022298553026767,5.022241794942458,5.084435923311703,0.04501485122410833,13.762550155625174,0.07004667879205446,0.855,0.1171875,2021.2001017957953,-2148.782075181276,9,0,4,-5,9|0,4|-5|9|0
primary,drive_06,A,CD210,set1,150.0,26.15,0.8716666666666666,26.617553258632157,26.214217949307717,26.920811809042352,-8.777206947922236e-05,0.0004734394567363531,33.900631987091614,-84.66118273352271,1.593488373469977,4.50706573849017,4.316472613060613,0.29472070497078684,86.48799955319436,4.765683707463813,4.765435105354988,5.403050857409175,0.1620077004531862,3.515560261802936,0.06389013249988242,0.7533460803059273,0.15625,-4680.977936243482,66.79727132535106,10,-1,-10,0,10|-1,-10|0|10|-1
primary,drive_06,A,CD210,set1,180.0,30.0,1.0,26.031804878945344,25.448611694333252,27.084142654966772,0.00010215407233094871,0.0003249036360145265,33.89774479462032,-84.65395263006013,0.5856698525035354,1.6565244969671,1.2517510399629599,0.0854827987558063,8.191205849902975,0.9752185637135722,0.9751350507893763,1.3388452781920692,0.020902884286385374,1.0023478157603605,0.08336985862788428,0.84,0.2734375,-4012.938518104606,-252.3529844512285,10,0,-9,-1,10|0,-9|-1|10|0
primary,drive_06,A,CD210,set1,210.0,30.0,1.0,27.405356769325834,27.21011170324597,27.45258203725572,0.0001995560231690557,0.0002902447622291452,33.896697998046875,-84.64516535419867,0.4823491582427318,1.364289442772235,1.1004934466908054,0.082211780787702,24.125663179106706,0.9567598850543825,0.9567950396962076,1.0978023179374703,0.020768051470169625,0.9700991830346931,0.077337419192661,0.9016666666666666,0.15625,-3201.0211390650466,-368.0658776801428,10,0,-7,-1,10|0,-7|-1|10|0
primary,drive_06,A,CD210,set1,240.0,22.8,0.76,27.245628138273723,27.18438230415845,27.305580266307757,-0.00031403296904050344,0.00031403296904050344,33.89806360500193,-84.63740561417197,0.5222678278370587,1.4771964906366104,0.9958378720270008,0.07447322465018409,21.854725886695032,1.0661164377494918,1.066166361515024,1.1834894316024016,0.018364394530623836,1.1093647235460784,0.08268847851714864,0.7127192982456141,0.15625,-2484.044924384583,-217.1116848683694,10,-1,-5,-1,10|-1,-5|-1|10|-1
primary,drive_06,A,CD210,set1,270.0,29.0,0.9666666666666667,27.22779013852911,27.178656926930074,27.321968131449758,-5.725324069381223e-05,0.00020535626037490416,33.899928514157935,-84.62739221155395,0.7289363713245116,2.06174340486831,1.561444367300389,0.11549171557152019,60.25228345965267,1.4407559212434249,1.4407525052292314,1.686287494704765,0.030670565791926653,1.4881683028777195,0.07470930929366544,0.6862068965517242,0.1171875,-1558.8371879871372,-10.964626763575325,10,-1,-4,-1,10|-1,-4|-1|10|-1
primary,drive_06,A,CD210,set1,300.0,30.0,1.0,27.342650928424003,27.31530004947082,27.370232108332377,-0.000545760789989881,0.000545760789989881,33.90263161890637,-84.61915644673779,0.7380595642259454,2.087547691135017,1.6455206636587654,0.12282065121754389,64.07580539641285,1.4701623622220603,1.4701446130995535,1.7989532113272289,0.02804096320332236,2.712043995744118,0.09547834565362769,0.96,0.1171875,-797.8777405605455,287.83657212834896,10,-2,-2,0,10|-2,-2|0|10|-2
primary,drive_06,A,CD210,set1,330.0,25.6,0.8533333333333334,27.071062132816138,23.410267394762034,27.161806019502027,-0.0002859483092484068,0.0002859483092484068,33.904223064745125,-84.61102014807348,0.5765562544889794,1.6307473491386968,1.2277635375348153,0.07970364395873616,10.395391835692067,1.1251114119923886,1.1251041594394957,1.450686215546135,0.021193001633456072,347.45271160831714,0.06715598930723482,0.921875,0.234375,-46.10866095532381,463.75499514439184,10,-1,-1,0,10|-1,-1|0|10|-1
primary,drive_06,A,CD210,set1,750.0,30.0,1.0,22.807837114837763,21.864259343631197,23.51180121112515,-0.0007154062826803026,0.0007154062826803026,33.91475337863129,-84.59076055539053,0.8425021604422591,2.3829559632521526,2.058140284024854,0.10866337675810256,20.408372639168142,1.6482627457724488,1.6482662375918995,2.1963126091136833,0.03258896979983915,3.036890229767239,0.09111467974136124,1.0,0.1953125,1825.8156590358253,1627.775892120996,9,-2,3,3,9|-2,3|3|9|-2
primary,drive_06,A,CD210,set1,780.0,24.55,0.8183333333333334,21.585010749394776,21.121278455141823,22.324898825655406,0.00025562243813389765,0.0002704089168288936,33.91722178401017,-84.58477330265976,0.9058337799144794,2.5620848336214843,2.3776401409161596,0.11254502674823393,14.678747345755454,2.0064841322050055,2.006484259808561,2.382332294165367,0.042109473159596185,20.195972995919988,0.08617876355658542,0.9103869653767821,0.234375,2379.019475719991,1900.6334227021139,8,0,4,3,8|0,4|3|8|0
primary,drive_06,A,CD210,set1,900.0,30.0,1.0,22.203573003228023,21.88811412714993,22.490995356069796,-0.00044615116711566033,0.00044615116711566033,33.92705486395953,-84.57066019592742,1.1881907380787833,3.3607109129542265,2.8488997327899237,0.13770770792347914,17.96060395181839,2.3912946687034915,2.391447845384478,3.1273781828289424,0.045733111925796106,2.105944574094284,0.11848767393497357,1.0,0.234375,3683.0273171575973,2987.5820803051047,8,-1,7,5,8|-1,7|5|8|-1
primary,drive_06,A,CD210,set1,930.0,30.0,1.0,25.337944104072243,22.702828967096572,25.926970773575384,-0.00036814860803567736,0.00036814860803567736,33.930735427623496,-84.56469186447957,0.8127774632607407,2.2988818234690793,1.8841931996017829,0.10582818667494036,13.80269976509886,1.5733250989047678,1.573352349849166,2.0063065488094622,0.0305007848609156,1.511594317655006,0.08511235770990773,1.0,0.234375,4234.482865244461,3394.4315877195468,10,-1,8,6,10|-1,8|6|10|-1
primary,drive_06,A,CD210,set1,960.0,27.8,0.9266666666666666,21.621878066058684,20.953316733497385,22.808104288022,-0.0002916773617406877,0.0003538700229986344,33.93447783837209,-84.55840105833309,0.9205442567797886,2.603692345405276,2.266825199081528,0.1101439289867554,14.36558284252026,1.9761924422462738,1.9761087726337099,2.422253226707279,0.03838868933341792,1.7028060700690548,0.11778872060721958,0.7931654676258992,0.234375,4815.7340879237545,3808.1176718690467,8,-1,9,7,8|-1,9|7|8|-1
primary,drive_06,A,CD210,set1,1410.0,24.1,0.8033333333333333,24.51586750337952,22.78172450002871,28.51279196266485,-0.0011410738653682639,0.0011410738653682639,33.97708416477974,-84.5495233438054,0.8193678108164526,2.3175221412571596,1.8745325386955467,0.13548607691319603,25.446018958336143,1.6006505654023915,1.6006338648015517,2.0077593535478475,0.03287164506096427,1.434974373950635,0.08117800916615821,1.0,0.1953125,5636.007722758485,8517.82099297072,9,-3,11,17,9|-3,11|17|9|-3
primary,drive_06,A,CD210,set1,1440.0,25.6,0.8533333333333334,28.074572244423152,25.356388819013223,29.102686557681004,-0.00038141770180389234,0.00038141770180389234,33.98214037221091,-84.54472105891773,0.3602472087374548,1.01893297680712,0.8082212688151104,0.06948825194792417,36.25217473619852,0.6074025538324727,0.6073372847971569,0.8269133444729085,0.013442828263226049,0.5407691721155423,0.05158478800399509,1.0,0.1171875,6079.724139640331,9076.734162411929,11,-1,12,18,11|-1,12|18|11|-1
primary,drive_06,A,CD210,set1,1860.0,20.2,0.6733333333333333,20.694815212891694,20.221932315470085,21.132907878096635,-0.0005575820934302761,0.0005575820934302761,33.99467849731445,-84.51804236092664,0.9694427417709084,2.741998146713154,2.4223657980561857,0.10286882062186312,19.320080848179465,2.003563812830356,2.0034066266616772,2.5510021429351344,0.0398764214981367,2.070117868125365,0.13074705371736783,0.8316831683168316,0.1953125,8544.754131938795,10462.698511357943,8,-2,17,20,8|-2,17|20|8|-2
primary,drive_06,A,CD210,set1,1980.0,27.3,0.91,21.138659304023196,20.686387860186528,21.259285722430906,-0.00037737089431067296,0.00037737089431067296,34.000925109875794,-84.50301360584832,0.8570209932690211,2.4240214238390214,2.10670804261675,0.09348805899719716,12.19323178921783,2.0446609166221212,2.044976573678122,2.2126066836500353,0.03977012065357319,1.821249454643911,0.15890133487447772,0.8333333333333334,0.234375,9933.36507642117,11153.199063888596,8,-1,19,22,8|-1,19|22|8|-1
primary,drive_06,A,CD210,set1,2010.0,23.45,0.7816666666666666,23.00888505453865,22.822412360358882,23.487184548507567,-0.00024945099868050165,0.00024945099868050165,34.00699614499502,-84.4987716772706,0.768195499867951,2.1727849889344713,2.0261149564134895,0.10614294012118441,31.14844122908052,1.9229290334626814,1.9231712433989865,1.9824948215909648,0.03404410870176419,9.911670762227102,0.11476759204784794,0.6481876332622601,0.15625,10325.306286324982,11824.291285967953,9,-1,20,23,9|-1,20|23|9|-1
primary,drive_06,A,CD210,set1,2190.0,21.5,0.7166666666666667,21.53330326297631,20.882674661343515,22.332041838408813,-0.0005784133000289709,0.0005784133000289709,34.0254668117744,-84.4793824360452,2.1115674931326556,5.972414773308718,5.6442901905172835,0.26392392062402775,137.68969313971442,4.757193647889474,4.757411486988818,5.813785837641923,0.1049058422847397,4.673890453899226,0.15532930162134767,0.5488372093023256,0.1171875,12116.81279704304,13866.03879176051,8,-2,24,27,8|-2,24|27|8|-2
primary,drive_06,A,CD210,set1,2220.0,29.7,0.99,23.390106672352772,23.073509766941978,23.719591052838524,6.887563634820615e-05,8.215425576356405e-05,34.02713941052623,-84.4733474859348,1.0615574605929232,3.002537916017709,2.677696981015042,0.14660501544960822,27.534297896218366,2.2265448291901473,2.2262914912450724,2.716609412418885,0.04343513943356446,183.5842177261461,0.13598282688838506,0.6666666666666666,0.1953125,12674.42370553419,14050.927857787947,9,0,25,28,9|0,25|28|9|0
primary,drive_06,A,CD210,set1,2400.0,22.4,0.7466666666666666,23.38968667753187,22.5051721360121,23.84576254534781,-0.00030228615976459806,0.00030228615976459806,34.03712844848633,-84.45502659145839,0.7090519205736926,2.0055016850040133,1.7539097289142567,0.09137618493637993,11.917789447068518,1.4822770591070498,1.4823833200165846,1.817359906540986,0.02878880487879698,1.3353609687652033,0.08165485619399106,0.9084821428571429,0.234375,14367.218248399671,15155.116113897006,9,-1,28,30,9|-1,28|30|9|-1
primary,drive_06,A,CD210,set1,2460.0,22.3,0.7433333333333334,22.5583908283243,22.38640311690098,22.778431356277157,0.0004960629103808866,0.0006330319522457445,34.03362534461323,-84.4434873313347,1.7045954079206842,4.82132388848066,4.83003350923685,0.24771827561337326,129.2351722938119,4.386279170971955,4.386268553950671,4.954864912266292,0.1161277130252438,13.617376760534572,0.10682125160289145,0.8295964125560538,0.1171875,15433.410545465693,14767.883011764465,9,0,30,29,9|0,30|29|9|0
strict_curve,drive_01,A,CD210,set1,120.0,30.0,1.0,25.48362321195874,24.871521830895528,25.808466913602594,-0.0002577891917500859,0.0003101315687604294,33.8985089448185,-84.6559522248324,0.8727324724136627,2.4684601976216096,2.083670213547692,0.13118289928467275,17.109602177189156,1.7328002943758016,1.7328054503693033,2.1595244095730606,0.03373499784678873,1.7151491729802153,0.11317752821978193,0.7383333333333333,0.234375,-4197.694951411067,-167.88382154447362,10,-1,-9,-1,10|-1,-9|-1|10|-1
strict_curve,drive_01,A,CD210,set1,150.0,30.0,1.0,27.376480698470438,26.592590600664863,27.797270872412163,0.00037457191270905273,0.00037457191270905273,33.89669215267279,-84.6477518311104,0.7062278226958981,1.9975139299635214,1.598327369728597,0.12001426710095701,22.54021509441409,1.39390496814653,1.3938849380229978,1.5996250708938302,0.029304142762987238,1.4321283959025444,0.1119285882283463,0.915,0.1953125,-3440.0036847624856,-368.7120253313258,10,0,-7,-1,10|0,-7|-1|10|0
strict_curve,drive_01,A,CD210,set1,180.0,21.8,0.7266666666666667,23.61139377740308,22.13588445628818,27.172474959778334,-0.0003852442853862349,0.0003852442853862349,33.89802042052601,-84.63786704706266,0.9410800536273335,2.6617763502371496,2.3164902753447505,0.12554490597125376,23.57893984570678,2.0284495846101755,2.0285647891899843,2.40335188992924,0.03747956754174908,1.8456469208575756,0.130095930617951,0.8325688073394495,0.1953125,-2526.67991037076,-221.8852968366275,9,-1,-6,-1,9|-1,-6|-1|9|-1
strict_curve,drive_01,A,CD210,set1,210.0,20.3,0.6766666666666666,21.704948925516383,21.39210743461161,22.1853008820841,-0.0003669671472794785,0.0003669671472794785,33.898933966241145,-84.63283585435326,1.194837204095479,3.379509957719553,3.18789059048181,0.14946769404935453,19.494406645006013,2.8443979730003046,2.8444160979198707,3.2185551691622716,0.04921935708034462,2.4792830124068064,0.1275866369964933,0.8817733990147784,0.234375,-2061.8131117797243,-120.90195348550395,8,-1,-5,-1,8|-1,-5|-1|8|-1
strict_curve,drive_01,A,CD210,set1,270.0,20.05,0.6683333333333333,21.463236414250872,20.87688198429187,21.746547822702034,-0.0006069150472911081,0.0006069150472911081,33.901444964236525,-84.62306679760117,1.3212653313675167,3.7371027022266476,3.3912273819918215,0.1547742830295278,29.068590883737205,3.1575806137006346,3.157607003609167,3.5270889495446354,0.05906335954285119,2.666085660491342,0.12855121279561138,0.9451371571072319,0.1953125,-1159.1821850974816,156.66376492376614,8,-2,-3,0,8|-2,-3|0|8|-2
strict_curve,drive_01,A,CD210,set1,300.0,30.0,1.0,22.494099503499363,22.109950737173758,22.766466723662226,-0.00040298216129630875,0.00040298216129630875,33.90333424244123,-84.61538829150055,0.9235084309734178,2.6120762960970096,2.342505678301696,0.11704989872598826,21.983468780789003,2.157367705508668,2.1574019633564525,2.3884496522700256,0.04028556758733909,2.3906899311050154,0.11838336895955338,0.9766666666666667,0.1953125,-449.7117364124493,365.5045776721357,8,-1,-1,0,8|-1,-1|0|8|-1
strict_curve,drive_02,B,CD210,set2,120.0,21.8,0.7266666666666667,27.790497337439827,27.637606827180925,27.90371379492452,0.00036778463853181994,0.00040794675145014816,33.89726994942696,-84.65248769565707,0.5208020848863776,1.4730507435169982,1.0309172367139814,0.07934138057414696,41.39257373376949,1.2665723672606748,1.2666029956387752,1.0994435606581714,0.024951164163690986,1.3164357169829617,0.10467280511804578,0.9013761467889908,0.1171875,-3877.5830655446834,-304.84237212517496,11,0,-8,-1,11|0,-8|-1|11|0
strict_curve,drive_02,B,CD210,set2,150.0,30.0,1.0,27.831904001501357,27.62218538038814,27.906514676116856,0.00016792828833002394,0.00027313308745491804,33.896777086856716,-84.6446538525426,0.5068971674411765,1.433721697847635,1.125662748968462,0.08634648096344713,25.33902193171923,1.1312028300133612,1.131206979654075,1.1482340416827674,0.022219619692256512,1.1448862946701281,0.10437932031721127,0.945,0.15625,-3153.759952491075,-359.32340064034577,11,0,-7,-1,11|0,-7|-1|11|0
strict_curve,drive_02,B,CD210,set2,180.0,30.0,1.0,27.690816550709947,27.585110959515397,27.82958454193634,-0.00029930570497185014,0.00029930570497185014,33.89839629924716,-84.63572108282375,0.5682120248265338,1.6071463036263238,1.147361774344838,0.08645336578315796,25.370388083073646,1.1400887712341419,1.1401144417130875,1.344410604804078,0.025698680005927732,2.075661413464092,0.07288079723883167,0.805,0.15625,-2328.3993865959233,-180.33566300059945,11,-1,-5,-1,11|-1,-5|-1|11|-1
strict_curve,drive_02,B,CD210,set2,1140.0,23.15,0.7716666666666666,25.16316381027532,25.014472438137474,26.321250571692815,-6.388606058808177e-05,0.0002787712180204703,33.89783886235631,-84.59441483663228,0.7320156006458969,2.0704527806042297,1.8936083248018667,0.12826777461907188,24.090329420281513,2.403019108568107,2.4029301496596696,1.8765882308164863,0.04141877847100796,2.088104291963276,0.1302948721668113,0.9956803455723542,0.1953125,1488.171263337854,-241.9547369152903,10,-1,2,-1,10|-1,2|-1|10|-1
strict_curve,drive_02,B,CD210,set2,1170.0,24.7,0.8233333333333334,26.233618354452283,25.140151165172973,26.796179847181342,6.983278507359621e-05,0.0003659779075648336,33.89567003009837,-84.58636511795208,1.677591351006669,4.7449448814268695,4.527763056793452,0.27551758006912386,143.738130915219,4.377638178379579,4.377887348810649,4.610281276557902,0.07696697394810136,3.5084485979934827,0.2049077416574737,0.979757085020243,0.1171875,2231.9406175575195,-481.69745470759267,10,0,4,-1,10|0,4|-1|10|0
strict_curve,drive_02,B,CD210,set2,1260.0,22.25,0.7416666666666667,26.99852867336834,25.887414420092547,27.401913717735646,-0.00045092983679298335,0.00045092983679298335,33.89730514932729,-84.5930035481663,1.6817671769281148,4.756755900731306,3.8617025746961176,0.27418907861465186,143.04504876802517,4.444237988009026,4.44416289860912,4.126950233310751,0.08273538457618967,4.355289222492641,0.16167298849745854,1.0,0.1171875,1618.5699956001095,-300.9513751433268,10,-1,3,-1,10|-1,3|-1|10|-1
strict_curve,drive_02,B,CD210,set2,1350.0,30.0,1.0,27.962900191545486,27.61555486312136,28.14209416712266,-0.00033034973397648237,0.00034247324116788724,33.90441528338231,-84.61052112005181,0.6169859296524867,1.745099739015838,1.2213005120051372,0.08851258611980513,25.974681722957282,1.120185506241843,1.1201747917801854,1.4938206493901987,0.02306067201807629,1.0242560950892954,0.08787077177028248,0.8833333333333333,0.15625,0.0,485.00284329921374,11,-1,0,0,11|-1,0|0|11|-1
strict_curve,drive_02,B,CD210,set2,1380.0,30.0,1.0,27.79657673149398,27.755713048158093,27.844362880393852,-4.4450136877205374e-05,0.0001970972178470954,33.90266690034427,-84.61944248183494,0.800975484349857,2.2655007861918532,1.712604632738698,0.13239550115741291,24.865569283612615,1.615503123788619,1.615496297882766,1.812116670794926,0.03365068734779678,14.225566501036788,0.09226985202316793,0.8566666666666667,0.1953125,-824.3065075698627,291.7365822741209,11,-1,-2,0,11|-1,-2|0|11|-1
strict_curve,drive_02,B,CD210,set2,1590.0,30.0,1.0,26.658806223981763,25.73177978306495,27.089088654428856,-0.00031412218703062364,0.00031412218703062364,33.89753169383643,-84.64095372071816,0.884118838989439,2.500665705696839,1.916736716974924,0.13389392886118967,25.146993180641,1.8001665319598001,1.8000910624590516,2.0587531910119456,0.03322205695477014,1.8166047663442604,0.10642881420063832,0.925,0.1953125,-2811.87910336711,-275.9091451030338,10,-1,-6,-1,10|-1,-6|-1|10|-1
strict_curve,drive_02,B,CD210,set2,1650.0,30.0,1.0,27.49339175094133,27.154554580387316,28.14869899358722,-0.0003380844241418988,0.0003380844241418988,33.89970265854528,-84.65852039210378,0.739736467201132,2.092290688995602,1.9523670167995586,0.14623858765988937,14.012999014493209,1.58566703929724,1.5857138358960867,1.9396771648803508,0.08576346301012308,15.570923350383566,0.0727288791990127,0.7716666666666666,0.2734375,-4434.985742412159,-35.93070618644447,10,-1,-9,-1,10|-1,-9|-1|10|-1
strict_curve,drive_03,C,OPM7,set1,360.0,30.0,1.0,28.711339200463186,27.029214217600362,30.064999883809783,-0.00037251680907971656,0.00037251680907971656,33.93261297420523,-84.26123126594501,0.4893401102035891,1.3840628409261213,0.9601359070207045,0.0738862200502108,7.079988567423884,0.9461456966272874,0.9461542067177158,1.117322646701874,0.01748499982548655,0.7042364409318728,0.04088615603166946,1.0,0.2734375,32273.312838072157,3601.9755868641287,11,-1,64,7,11|-1,64|7|11|-1
strict_curve,drive_03,C,OPM7,set1,390.0,30.0,1.0,28.456195158309107,28.225365595756102,28.73568675942316,-0.0003451443854158195,0.0003451443854158195,33.929108418555344,-84.26937263902225,0.44534049913949597,1.2596131475141579,0.9255137470488831,0.07496646827344314,5.499867981094832,0.8493872483432212,0.8493897988967898,1.0120715329352499,0.01636343348837518,0.6764298866191661,0.045732757760679636,1.0,0.3125,31521.074898252744,3214.5820053260677,11,-1,63,6,11|-1,63|6|11|-1
strict_curve,drive_03,C,OPM7,set1,420.0,21.9,0.73,30.19309117832232,28.922704252657077,30.414796736074727,0.00031445147293388025,0.0004038594570285138,33.92492364182549,-84.27914288968887,0.48181440214234145,1.3627769241127674,1.0116524196928565,0.08814936488384627,8.446723829953559,1.2531562614654979,1.2531342306806772,1.0665811184294391,0.023703593532450187,1.1945934363566895,0.0693604564175693,1.0,0.2734375,30618.333657524403,2751.996785607594,12,0,61,5,12|0,61|5|12|0
strict_curve,drive_03,C,OPM7,set1,450.0,22.7,0.7566666666666666,26.8215813381518,26.227471561279074,28.07142275714916,0.0007345699191432934,0.0007345699191432934,33.920559152847005,-84.28358390259021,0.5084329092799662,1.4380654317210755,1.3009603040099773,0.09560626663511657,49.87800076665147,1.1730489652834168,1.1730882162499183,1.3482633162112145,0.028507814069067907,1.5483749384666023,0.06977073746476245,1.0,0.1171875,30207.99766580393,2269.5461739262473,10,1,60,4,10|1,60|4|10|1
strict_curve,drive_03,C,OPM7,set1,540.0,22.15,0.7383333333333333,33.921592154869664,33.54066361312137,34.26941353958789,-0.000298309746088542,0.000298309746088542,33.920352935791016,-84.30457269466476,0.44711872046427725,1.2646427169429713,0.7451120314605982,0.08578663199170916,44.75507565399769,0.9161913849737342,0.916175971699745,0.8531945447664444,0.017308973308342746,0.7987356088954506,0.06528940475911761,1.0,0.1171875,28268.697555162875,2246.750940557162,13,-1,56,4,13|-1,56|4|13|-1
strict_curve,drive_03,C,OPM7,set1,570.0,30.0,1.0,33.79040561815607,33.541240596211004,33.99012021442384,-0.0002873502501844762,0.0002873502501844762,33.92033004760742,-84.31431441059146,0.28270903965279787,0.7996219161649197,0.4380902371450318,0.05038047132701462,9.46209719644087,0.5095360021540022,0.5095656349298519,0.5251876199050652,0.00842020598005963,0.412359140662323,0.030789068579366204,1.0,0.1953125,27368.592837016236,2244.2208807427087,13,-1,54,4,13|-1,54|4|13|-1
strict_curve,drive_03,C,OPM7,set1,600.0,30.0,1.0,33.31897109554948,32.573771936598774,33.60877954967427,-0.0002200324907448597,0.00024236727865716473,33.920310974121094,-84.32542764228674,0.312862218693185,0.884907985660079,0.6036852766479606,0.06564430662682329,8.561694990023716,0.6033980419947577,0.6033974153297935,0.6318653754565476,0.012665009886483804,0.6313896154368349,0.0446445258192083,1.0,0.234375,26341.7642620472,2242.1124975639977,13,-1,52,4,13|-1,52|4|13|-1
strict_curve,drive_03,C,OPM7,set1,630.0,30.0,1.0,33.132081790305705,32.649326658836536,33.61705773752935,-0.00021360521834453528,0.000244850452413975,33.91875094530113,-84.33605770362216,0.39777784214217543,1.1250856383379373,0.7082968687478812,0.07923942373888737,41.339382627305184,0.7215548511095454,0.7215517669692051,0.8115159959123607,0.013705637378311082,0.6498605964902265,0.03573120156766981,1.0,0.1171875,25359.579148645695,2069.66691180491,13,-1,50,4,13|-1,50|4|13|-1
strict_curve,drive_03,C,OPM7,set1,810.0,30.0,1.0,32.079605086767,30.516460958235125,32.37876214411497,6.152382059674672e-05,0.0003280613734839961,33.91572095649528,-84.40304190703581,0.8857894046304007,2.505390778869404,1.7682749500880626,0.1705614516955478,16.343685293781032,1.6514820034275544,1.6514653898713763,1.9136911059646053,0.03310213575601936,1.5866951787355468,0.06688576163376543,1.0,0.2734375,19170.443888745176,1734.7319492063205,12,0,38,3,12|0,38|3|12|0
strict_curve,drive_03,C,OPM7,set1,840.0,30.0,1.0,33.66067729188519,30.82587151825428,34.74928854334739,-7.8923266175773e-06,0.00028841238135001997,33.91597366333008,-84.41410450606456,0.5167343232776362,1.461545376245833,0.9845146505858666,0.10679186212023868,10.233101143777358,0.9399349774647364,0.939941826156504,1.0411864018310841,0.01769372899644371,0.8662177190964734,0.06514710439231386,1.0,0.2734375,18148.29361710358,1762.6661627251306,13,-1,36,3,13|-1,36|3|13|-1
strict_curve,drive_03,C,OPM7,set1,870.0,20.65,0.6883333333333332,32.34766006340852,31.541769782968817,32.99745519145005,0.0004181103409854275,0.0004181103409854275,33.91417101710997,-84.42246668160037,0.7141138361071333,2.019818944201971,1.3215473236921806,0.14033707795288625,18.303540991822018,1.4923148808791438,1.492315062131055,1.468207372733609,0.026825172331604422,1.3888823571970594,0.10897379594482244,1.0,0.234375,17375.65420630784,1563.4016495545695,12,0,34,3,12|0,34|3|12|0
strict_curve,drive_03,C,OPM7,set1,1620.0,28.05,0.935,23.86691247687048,22.35172614630531,24.1057895610207,-0.00039731059178380165,0.00039731059178380165,33.89452362060547,-84.52893306582214,0.7045023694438765,1.9926336111830218,1.7960157139792707,0.0934613082945668,8.95572941439334,1.97654064044095,1.976546680864614,1.8446661639331465,0.034704350084534576,1.4312270326289351,0.077306333660661,1.0,0.2734375,7538.486351792552,-608.4215600531898,9,-1,15,-2,9|-1,15|-2|9|-1
strict_curve,drive_03,C,OPM7,set1,1770.0,21.3,0.7100000000000001,20.91867631781262,20.63196842693513,21.16930888929219,-0.0004482424523784041,0.0004482424523784041,33.89480209350586,-84.55314366895972,0.5121469929059362,1.4485704465923448,1.2719786235683834,0.05475938550925902,7.142023134414945,1.6749410260121507,1.6750361568778245,1.355536755817162,0.026774740856583747,0.987812601984933,0.05699019913182106,0.9483568075117371,0.234375,5301.500765550832,-577.6391656440101,8,-1,10,-2,8|-1,10|-2|8|-1
strict_curve,drive_03,C,OPM7,set1,1800.0,26.25,0.875,20.76344159245491,20.456084909110235,21.4412472981673,-0.0004891438593666923,0.0004891438593666923,33.894866943359375,-84.55876286316855,0.616710285734009,1.7443201002800446,1.6195166832615635,0.071408630043029,6.842578818844375,1.6347094372135056,1.6348090242619793,1.6614024457507108,0.025205090822658687,1.0660657559769962,0.07525704571526236,0.8419047619047619,0.2734375,4782.304429134746,-570.4706628363929,8,-1,9,-2,8|-1,9|-2|8|-1
strict_curve,drive_03,C,OPM7,set1,1830.0,20.7,0.69,20.38189412880579,20.106974630972537,20.691950884115485,-0.00047294832954749086,0.00047294832954749086,33.8950080871582,-84.56688751955576,0.5820182075877604,1.6461960854373803,1.4312269193881793,0.06177886247104989,11.602860909980818,1.5648025476115894,1.5648055300479435,1.4873537933021483,0.025971596123872023,0.9926813009762366,0.04748714592070858,0.9106280193236715,0.1953125,4031.611060279853,-554.8686273139319,8,-1,8,-2,8|-1,8|-2|8|-1
strict_curve,drive_03,C,OPM7,set1,2070.0,24.35,0.8116666666666668,21.497805600033868,21.206855096073618,21.627806840124336,-0.0004714341606686655,0.0004714341606686655,33.904701232910156,-84.60921358302528,0.6748178645791484,1.9086731524389646,1.9134652902377445,0.08869580939870568,26.02844996725236,1.8397741282100302,1.839769701148335,1.9597142035457293,0.030717710814075382,1.3520835896250225,0.06847999331723781,0.9075975359342916,0.15625,120.81241698991398,516.6117041069665,8,-1,0,1,8|-1,0|1|8|-1
strict_curve,drive_03,C,OPM7,set1,2100.0,30.0,1.0,23.86198718300046,23.20591993636141,24.54070824820505,-0.0004088612645006737,0.0004088612645006737,33.90335725285135,-84.61600664299755,0.760944551087849,2.152276208724685,1.8712575116586498,0.10588024486848074,13.809489483777103,2.002928387144914,2.0029288085850827,1.9410629023013763,0.03262825495168183,1.4192789608032574,0.07199747739105002,0.94,0.234375,-506.84552106668707,368.04814840655325,9,-1,-2,0,9|-1,-2|0|9|-1
strict_curve,drive_03,C,OPM7,set1,2130.0,23.7,0.7899999999999999,22.554762979800053,22.315157533380663,22.6116673056751,-4.076292605244264e-05,0.00018995701203335216,33.90177426290134,-84.6225026772043,0.7195975960408619,2.0353293595441255,1.7043069726880469,0.08629669986991854,16.2076245099242,1.9111111353743695,1.91112470173197,1.823735797646254,0.033571743046577486,11.34325316357189,0.09094815644586995,0.8586497890295358,0.1953125,-1107.0591880147433,193.0644393325528,9,-1,-3,0,9|-1,-3|0|9|-1
strict_curve,drive_03,C,OPM7,set1,2340.0,21.4,0.7133333333333333,21.37469285428524,20.951588320659425,21.846607759212837,-0.0005484594132199323,0.0005484594132199323,33.89723049199734,-84.64275383802283,0.71325505885967,2.017389955341131,1.7838372013542445,0.08378920823585649,10.928253815660758,1.8798319988100762,1.8798319990693821,1.9051715397979894,0.03098287722992607,1.2905218793321824,0.07003185591919854,0.955607476635514,0.234375,-2978.2044295560254,-309.20399639562436,8,-2,-6,-1,8|-2,-6|-1|8|-2
strict_curve,drive_03,C,OPM7,set1,2400.0,30.0,1.0,23.213957522276456,22.940110209557385,23.58711841957874,-0.00036303864557085035,0.00036303864557085035,33.89961273610141,-84.65820218333275,0.6926921432943297,1.959229247192257,1.7407774117020287,0.09460090112596795,12.338374839212223,1.6596867055811257,1.659685074343793,1.7965377526144812,0.02773671669345674,2.14454024476439,0.06685364946232233,0.8216666666666667,0.234375,-4405.584226465842,-45.870733131805395,9,-1,-9,-1,9|-1,-9|-1|9|-1
strict_curve,drive_04,A,CD210,set1,120.0,22.3,0.7433333333333334,25.21944100448486,25.04229637862685,26.285826239447346,-0.00040316665867662187,0.00040316665867662187,33.89944384922272,-84.6581749212568,0.8353909055061834,2.362842296899971,1.8739747959506932,0.12096586937722664,22.718938178840446,1.7010873163872753,1.7011151338223378,2.035311909144624,0.03363650058868933,1.6546887675697526,0.10049736930751083,0.6390134529147982,0.1953125,-4403.065294137069,-64.53948870219676,10,-1,-9,-1,10|-1,-9|-1|10|-1
strict_curve,drive_04,A,CD210,set1,150.0,30.0,1.0,26.46398106512236,26.315944925626777,26.54069698898755,0.00037249763132448993,0.00037249763132448993,33.89671534923918,-84.64898086060248,0.5554945217795577,1.5711757730492144,1.3154622587248046,0.09236606407163259,12.046894980640543,1.1129214762226527,1.1127977501575603,1.336293764461255,0.02307486632672414,1.109683087833343,0.07768501367376088,0.885,0.234375,-3553.562245993969,-366.1478768827293,10,0,-8,-1,10|0,-8|-1|10|0
strict_curve,drive_04,A,CD210,set1,180.0,28.7,0.9566666666666667,26.336723634635025,26.200839950713576,26.573145354292073,-0.00032049770766223,0.00032049770766223,33.89753675024684,-84.64054490412637,0.6911565091451806,1.954885817911117,1.6917384114753824,0.10558823623968132,13.771404096898873,1.4544419289809063,1.4544062229458508,1.6855981055176477,0.027368686996953138,1.2878301377281054,0.08552207901271416,1.0,0.234375,-2774.1057022648783,-275.3502094956818,10,-1,-6,-1,10|-1,-6|-1|10|-1
strict_curve,drive_04,A,CD210,set1,210.0,21.6,0.7200000000000001,21.89514230941618,20.99265439886286,22.70521131052825,-0.00037343900392061864,0.00037343900392061864,33.89878355376989,-84.63366804902108,1.1051515261993818,3.1258405536569818,2.7176619383388716,0.1263745292881965,16.482467861595836,2.4218394649935626,2.4219604798955623,2.9594181628607235,0.04456867825808399,2.1048628134053566,0.10926241531261399,0.8842592592592593,0.234375,-2138.705350535079,-137.52854805823063,8,-1,-5,-1,8|-1,-5|-1|8|-1
strict_curve,drive_04,A,CD210,set1,270.0,23.4,0.7799999999999999,21.075877936732887,20.809545455709994,21.364026312491653,-0.0006751278959894011,0.0006751278959894011,33.901995673305336,-84.62164494489323,1.224282752028829,3.462794544197254,3.106685321911255,0.13725741430627833,17.90187415780374,2.624521019413325,2.6246756328208125,3.276248340004364,0.051601773662410755,2.336833807917037,0.1309983191899808,1.0,0.234375,-1027.8073492317453,217.5391453901642,8,-2,-3,0,8|-2,-3|0|8|-2
strict_curve,drive_04,A,CD210,set1,300.0,23.0,0.7666666666666667,22.221799441933516,21.54565176669152,22.440419181786915,-0.00033736323589551474,0.00033736323589551474,33.90376293049979,-84.61321083578167,0.8857274179980702,2.5052154541971485,2.2998249273660467,0.11020541293512902,32.340604321090396,1.9738188732259114,1.9738495433819416,2.3170738274932408,0.03941881398403309,1.9333298293368497,0.11522505521320184,0.9521739130434783,0.15625,-248.52149632906648,412.8917556648428,8,-1,-1,0,8|-1,-1|0|8|-1
strict_curve,drive_04,A,CD210,set1,420.0,21.8,0.7266666666666667,24.4012151806839,23.872239292970736,24.800520168328138,0.00012786556998308488,0.00034651115053044843,33.89644221009427,-84.5911174524151,1.9436729436166096,5.497537275360491,5.07913299736738,0.29528863725208676,86.65466353730834,4.7321590395111155,4.732192228365042,5.1775460365503845,0.09846186703471875,4.414514305650012,0.1278985877872352,1.0,0.15625,1792.8394669431573,-396.3406779609586,9,0,3,-1,9|0,3|-1|9|0
strict_curve,drive_04,A,CD210,set1,450.0,25.75,0.8583333333333333,22.39392330509206,20.932976834118396,23.742581249127554,-0.00019540406571253317,0.0002912390435548306,33.89538353579552,-84.58503181203761,1.8272674670086673,5.168292867853578,4.793860243784722,0.22497876889961987,117.3719213457274,4.714156984419066,4.7143390580224205,5.924239558848086,0.12292018460850432,12.781211497881113,0.07845328154395026,0.9378640776699029,0.1171875,2355.134000877003,-513.3665349452446,8,-1,4,-2,8|-1,4|-2|8|-1
strict_curve,drive_04,A,CD210,set1,660.0,30.0,1.0,24.46544124606364,23.49385313547124,25.458894152496832,-0.00036213095595023434,0.00036213095595023434,33.90438135919724,-84.61077939756387,0.5760976417567235,1.6294501964470303,1.4362276575626904,0.08453993030867454,24.808876103524764,1.3284532107348912,1.3284254458887046,1.4362128729866988,0.024679308430989595,1.2169403122520184,0.08347354735776244,0.9433333333333334,0.15625,-23.86405115335974,481.25286388098925,9,-1,-1,0,9|-1,-1|0|9|-1
strict_curve,drive_04,A,CD210,set1,690.0,24.0,0.8,25.55698120175562,25.09125922521309,25.81664296959517,-0.00016687674264305463,0.0002121202722765249,33.90293526548328,-84.61813923740911,0.6100621157802538,1.7255162360529208,1.4125472935451302,0.09194548722173881,17.268539057904796,1.3268692188173203,1.32682532860638,1.4514503726855519,0.02547100902661423,1.3111131771059712,0.08119710596710178,0.9145833333333333,0.1953125,-703.8907137394065,321.4016647399754,10,-1,-2,0,10|-1,-2|0|10|-1
strict_curve,drive_04,A,CD210,set1,750.0,20.5,0.6833333333333333,24.355470790401583,23.54594031666503,24.59744626832945,-0.000440632070104085,0.000440632070104085,33.89959761004603,-84.62974592100028,0.7371743708530383,2.085043986188441,1.8312171949428837,0.10140198523828704,19.04459039314807,1.7176247904715756,1.7176719279373454,1.8545339995416432,0.03269275630985064,162.99565972359528,0.09366280714200152,0.9317073170731708,0.1953125,-1776.3127327189582,-47.54276729358537,9,-1,-4,-1,9|-1,-4|-1|9|-1
strict_curve,drive_04,A,CD210,set1,840.0,23.7,0.7899999999999999,22.820087842248807,22.22395246663502,26.699146199585037,-0.00037693908217098775,0.00037693908217098775,33.89736369520724,-84.64197915255427,0.48101434206043775,1.3605140124756845,1.1748077868662388,0.061930315846166414,11.631305791863317,0.9230671963150343,0.923182948099252,1.2233937437599978,0.01940724106921993,1.0406607818184905,0.05512792502089699,0.930379746835443,0.1953125,-2906.6258646940037,-294.47971357343033,9,-1,-6,-1,9|-1,-6|-1|9|-1
strict_curve,drive_04,A,CD210,set1,900.0,30.0,1.0,24.029612795260157,23.482566239800143,24.242640676281667,-0.00028603219462145657,0.00028603219462145657,33.899238696205444,-84.6573412229773,0.937335729301459,2.651185801749999,2.3015880465022787,0.12906307870562447,16.83312340600551,1.9055731658779653,1.9055321290726863,2.425036341640673,0.035189776452930005,1.7516270554050748,0.10101077729118846,0.8816666666666667,0.234375,-4326.034126266756,-87.21710323193179,9,-1,-9,-1,9|-1,-9|-1|9|-1
strict_curve,drive_05,C,OPM7,set1,240.0,22.4,0.7466666666666666,28.18150138522205,28.049235478005283,28.326447460895103,0.00029496946731690453,0.00029496946731690453,33.897428870283136,-84.65295136995616,0.431691397248506,1.2210076574972573,0.9279560846004963,0.07369805230107081,21.62724575159423,0.9425830356701411,0.9424272692716192,1.0609903993491145,0.017541660603191133,0.9156796492265807,0.06649834440393014,0.9241071428571429,0.15625,-3920.4251508024367,-287.2752606838637,11,0,-8,-1,11|0,-8|-1|11|0
strict_curve,drive_05,C,OPM7,set1,270.0,30.0,1.0,28.289035477724163,28.066545947586402,28.367254019031364,0.00022104711508539758,0.00027156798426195754,33.89674531739334,-84.64493935753057,0.39753082872464884,1.1243869788876288,0.8542909310614474,0.0682226215149724,35.59189253999069,0.7947097623024592,0.7947033178205826,0.8772364705503504,0.015067288070853026,0.6027962962186708,0.04317783958331739,0.895,0.1171875,-3180.1397390359507,-362.83519712198,11,0,-7,-1,11|0,-7|-1|11|0
strict_curve,drive_05,C,OPM7,set1,300.0,30.0,1.0,28.171357048064003,28.108622909624764,28.342151360477445,-0.0002814251422325914,0.0002814251422325914,33.898373750246705,-84.63585985741162,0.4454483404508042,1.2599181688042302,0.8754717914770443,0.06949190654553726,9.063520336964139,0.8547808549822951,0.8547822794206187,1.0297750794717273,0.014954412002459703,0.6208030198678237,0.05102240454208386,0.8083333333333333,0.234375,-2341.2217335251557,-182.8282295109267,11,-1,-5,-1,11|-1,-5|-1|11|-1
strict_curve,drive_05,C,OPM7,set1,330.0,30.0,1.0,27.903315014511577,26.754343907394308,28.172761012442397,-3.613598463051907e-05,0.00020372963004615553,33.90002770564304,-84.62698778402847,0.8058781445477495,2.279367603278986,1.5905265469512668,0.11756759704934176,61.33527541809226,1.5930096328425956,1.5930096362847164,1.9163963474757277,0.031961876124171416,1.5551096671194005,0.053236094806091046,0.735,0.1171875,-1521.4693231702142,0.0,11,-1,-4,0,11|-1,-4|0|11|-1
strict_curve,drive_05,C,OPM7,set1,360.0,27.15,0.9049999999999999,28.238593246396732,28.223007624099097,28.264950005500324,-0.0005297264456399404,0.0005297264456399404,33.90272020873328,-84.61874868166845,0.5854769588208085,1.655978911242683,1.2685574304961869,0.10105189492703251,52.718997091251346,1.255571505665018,1.255592245906648,1.3980416748747422,0.023347939965936055,1.1201957200966242,0.08046921911737107,0.9502762430939227,0.1171875,-760.2014969120937,297.6292915948652,11,-2,-2,0,11|-2,-2|0|11|-2
strict_curve,drive_05,C,OPM7,set1,390.0,20.55,0.685,26.77798703404702,22.889472256813146,28.076215457830187,-0.0002030438119824422,0.0002030438119824422,33.90458860693052,-84.60908545264903,0.6184975497089709,1.7493752461859085,1.3908548256016138,0.09063176286304815,26.596570019678445,1.332967611880338,1.332972450737306,1.569957761167592,0.02710789717782461,9.24467054159367,0.0950359429418143,0.8734793187347932,0.15625,132.65127136338884,504.16202831763314,10,-1,0,1,10|-1,0|1|10|-1
strict_curve,drive_05,C,OPM7,set1,570.0,24.45,0.815,24.929600462484895,23.780979741825146,25.414417793078975,0.00011300108453201215,0.00032092785988651116,33.896947904975114,-84.59231194764554,1.4981627301966551,4.237444103372027,4.0114669927034585,0.22542490251106018,66.1526270086385,4.4766744271957695,4.4766584265699185,4.1730848225469925,0.08629647179892946,4.38527062109817,0.140346371463792,1.0,0.15625,1682.4717657282713,-340.44116583256607,9,0,3,-1,9|0,3|-1|9|0
strict_curve,drive_05,C,OPM7,set1,750.0,30.0,1.0,23.88754804049009,23.563843376328293,24.24709286880371,0.0001422783569396833,0.0001422783569396833,33.8805887507382,-84.5886459350586,1.5343062013552307,4.339673277579425,1.6080061544582016,0.08978920115333873,46.843224838551315,5.022298553026767,5.022241794942458,5.084435923311703,0.04501485122410833,13.762550155625174,0.07004667879205446,0.855,0.1171875,2021.2001017957953,-2148.782075181276,9,0,4,-5,9|0,4|-5|9|0
strict_curve,drive_06,A,CD210,set1,150.0,25.6,0.8533333333333334,26.638241357509223,26.27869116836903,26.92119789392139,-6.221082803065835e-05,0.000471663518107039,33.90060579469057,-84.66110640675544,1.409549263350767,3.98680737012732,3.8121841295519583,0.26407557039689444,77.49495515342237,4.158023218145212,4.157768328038989,4.743440851476614,0.1364409292486265,2.991719671045096,0.06330213367128674,0.748046875,0.15625,-4673.925576694263,63.901963313890775,10,-1,-10,0,10|-1,-10|0|10|-1
strict_curve,drive_06,A,CD210,set1,180.0,30.0,1.0,26.031804878945344,25.448611694333252,27.084142654966772,0.00010215407233094871,0.0003249036360145265,33.89774479462032,-84.65395263006013,0.5856698525035354,1.6565244969671,1.2517510399629599,0.0854827987558063,8.191205849902975,0.9752185637135722,0.9751350507893763,1.3388452781920692,0.020902884286385374,1.0023478157603605,0.08336985862788428,0.84,0.2734375,-4012.938518104606,-252.3529844512285,10,0,-9,-1,10|0,-9|-1|10|0
strict_curve,drive_06,A,CD210,set1,210.0,30.0,1.0,27.405356769325834,27.21011170324597,27.45258203725572,0.0001995560231690557,0.0002902447622291452,33.896697998046875,-84.64516535419867,0.4823491582427318,1.364289442772235,1.1004934466908054,0.082211780787702,24.125663179106706,0.9567598850543825,0.9567950396962076,1.0978023179374703,0.020768051470169625,0.9700991830346931,0.077337419192661,0.9016666666666666,0.15625,-3201.0211390650466,-368.0658776801428,10,0,-7,-1,10|0,-7|-1|10|0
strict_curve,drive_06,A,CD210,set1,240.0,22.8,0.76,27.245628138273723,27.18438230415845,27.305580266307757,-0.00031403296904050344,0.00031403296904050344,33.89806360500193,-84.63740561417197,0.5222678278370587,1.4771964906366104,0.9958378720270008,0.07447322465018409,21.854725886695032,1.0661164377494918,1.066166361515024,1.1834894316024016,0.018364394530623836,1.1093647235460784,0.08268847851714864,0.7127192982456141,0.15625,-2484.044924384583,-217.1116848683694,10,-1,-5,-1,10|-1,-5|-1|10|-1
strict_curve,drive_06,A,CD210,set1,270.0,29.0,0.9666666666666667,27.22779013852911,27.178656926930074,27.321968131449758,-5.725324069381223e-05,0.00020535626037490416,33.899928514157935,-84.62739221155395,0.7289363713245116,2.06174340486831,1.561444367300389,0.11549171557152019,60.25228345965267,1.4407559212434249,1.4407525052292314,1.686287494704765,0.030670565791926653,1.4881683028777195,0.07470930929366544,0.6862068965517242,0.1171875,-1558.8371879871372,-10.964626763575325,10,-1,-4,-1,10|-1,-4|-1|10|-1
strict_curve,drive_06,A,CD210,set1,300.0,30.0,1.0,27.342650928424003,27.31530004947082,27.370232108332377,-0.000545760789989881,0.000545760789989881,33.90263161890637,-84.61915644673779,0.7380595642259454,2.087547691135017,1.6455206636587654,0.12282065121754389,64.07580539641285,1.4701623622220603,1.4701446130995535,1.7989532113272289,0.02804096320332236,2.712043995744118,0.09547834565362769,0.96,0.1171875,-797.8777405605455,287.83657212834896,10,-2,-2,0,10|-2,-2|0|10|-2
strict_curve,drive_06,A,CD210,set1,330.0,25.6,0.8533333333333334,27.071062132816138,23.410267394762034,27.161806019502027,-0.0002859483092484068,0.0002859483092484068,33.904223064745125,-84.61102014807348,0.5765562544889794,1.6307473491386968,1.2277635375348153,0.07970364395873616,10.395391835692067,1.1251114119923886,1.1251041594394957,1.450686215546135,0.021193001633456072,347.45271160831714,0.06715598930723482,0.921875,0.234375,-46.10866095532381,463.75499514439184,10,-1,-1,0,10|-1,-1|0|10|-1
strict_curve,drive_06,A,CD210,set1,750.0,22.55,0.7516666666666667,22.32484306215616,21.663801587600034,23.259667411670826,-0.0005729073432413447,0.0005729073432413447,33.914276558394526,-84.59154085493556,0.8407440221344074,2.3779831971731693,2.0112749165903727,0.10130335276558018,19.026065952647702,1.6487126219401347,1.6487171382572339,2.1780017957350113,0.03161762876587497,3.406325734567883,0.09973726381668266,1.0,0.1953125,1753.7183707006666,1575.0681831492277,8,-2,3,3,8|-2,3|3|8|-2
strict_curve,drive_06,A,CD210,set1,780.0,24.55,0.8183333333333334,21.585010749394776,21.121278455141823,22.324898825655406,0.00025562243813389765,0.0002704089168288936,33.91722178401017,-84.58477330265976,0.9058337799144794,2.5620848336214843,2.3776401409161596,0.11254502674823393,14.678747345755454,2.0064841322050055,2.006484259808561,2.382332294165367,0.042109473159596185,20.195972995919988,0.08617876355658542,0.9103869653767821,0.234375,2379.019475719991,1900.6334227021139,8,0,4,3,8|0,4|3|8|0
strict_curve,drive_06,A,CD210,set1,900.0,30.0,1.0,22.203573003228023,21.88811412714993,22.490995356069796,-0.00044615116711566033,0.00044615116711566033,33.92705486395953,-84.57066019592742,1.1881907380787833,3.3607109129542265,2.8488997327899237,0.13770770792347914,17.96060395181839,2.3912946687034915,2.391447845384478,3.1273781828289424,0.045733111925796106,2.105944574094284,0.11848767393497357,1.0,0.234375,3683.0273171575973,2987.5820803051047,8,-1,7,5,8|-1,7|5|8|-1
strict_curve,drive_06,A,CD210,set1,930.0,30.0,1.0,25.337944104072243,22.702828967096572,25.926970773575384,-0.00036814860803567736,0.00036814860803567736,33.930735427623496,-84.56469186447957,0.8127774632607407,2.2988818234690793,1.8841931996017829,0.10582818667494036,13.80269976509886,1.5733250989047678,1.573352349849166,2.0063065488094622,0.0305007848609156,1.511594317655006,0.08511235770990773,1.0,0.234375,4234.482865244461,3394.4315877195468,10,-1,8,6,10|-1,8|6|10|-1
strict_curve,drive_06,A,CD210,set1,960.0,27.8,0.9266666666666666,21.621878066058684,20.953316733497385,22.808104288022,-0.0002916773617406877,0.0003538700229986344,33.93447783837209,-84.55840105833309,0.9205442567797886,2.603692345405276,2.266825199081528,0.1101439289867554,14.36558284252026,1.9761924422462738,1.9761087726337099,2.422253226707279,0.03838868933341792,1.7028060700690548,0.11778872060721958,0.7931654676258992,0.234375,4815.7340879237545,3808.1176718690467,8,-1,9,7,8|-1,9|7|8|-1
strict_curve,drive_06,A,CD210,set1,1440.0,24.2,0.8066666666666666,27.78007036266905,25.243689331561328,28.812025576426336,-0.0003716766575344823,0.0003716766575344823,33.982268557080936,-84.54456646603414,0.3467035176002931,0.9806256334255872,0.7628489554216309,0.06516169781546259,33.99500187576791,0.6030258653690915,0.6029768169047595,0.8023342786488687,0.012961078844246679,0.5344576147080079,0.04509431657714235,1.0,0.1171875,6094.008048651612,9090.903717944908,11,-1,12,18,11|-1,12|18|11|-1
strict_curve,drive_06,A,CD210,set1,1860.0,20.2,0.6733333333333333,20.694815212891694,20.221932315470085,21.132907878096635,-0.0005575820934302761,0.0005575820934302761,33.99467849731445,-84.51804236092664,0.9694427417709084,2.741998146713154,2.4223657980561857,0.10286882062186312,19.320080848179465,2.003563812830356,2.0034066266616772,2.5510021429351344,0.0398764214981367,2.070117868125365,0.13074705371736783,0.8316831683168316,0.1953125,8544.754131938795,10462.698511357943,8,-2,17,20,8|-2,17|20|8|-2
strict_curve,drive_06,A,CD210,set1,1980.0,27.3,0.91,21.138659304023196,20.686387860186528,21.259285722430906,-0.00037737089431067296,0.00037737089431067296,34.000925109875794,-84.50301360584832,0.8570209932690211,2.4240214238390214,2.10670804261675,0.09348805899719716,12.19323178921783,2.0446609166221212,2.044976573678122,2.2126066836500353,0.03977012065357319,1.821249454643911,0.15890133487447772,0.8333333333333334,0.234375,9933.36507642117,11153.199063888596,8,-1,19,22,8|-1,19|22|8|-1
strict_curve,drive_06,A,CD210,set1,2010.0,23.45,0.7816666666666666,23.00888505453865,22.822412360358882,23.487184548507567,-0.00024945099868050165,0.00024945099868050165,34.00699614499502,-84.4987716772706,0.768195499867951,2.1727849889344713,2.0261149564134895,0.10614294012118441,31.14844122908052,1.9229290334626814,1.9231712433989865,1.9824948215909648,0.03404410870176419,9.911670762227102,0.11476759204784794,0.6481876332622601,0.15625,10325.306286324982,11824.291285967953,9,-1,20,23,9|-1,20|23|9|-1
strict_curve,drive_06,A,CD210,set1,2220.0,29.7,0.99,23.390106672352772,23.073509766941978,23.719591052838524,6.887563634820615e-05,8.215425576356405e-05,34.02713941052623,-84.4733474859348,1.0615574605929232,3.002537916017709,2.677696981015042,0.14660501544960822,27.534297896218366,2.2265448291901473,2.2262914912450724,2.716609412418885,0.04343513943356446,183.5842177261461,0.13598282688838506,0.6666666666666666,0.1953125,12674.42370553419,14050.927857787947,9,0,25,28,9|0,25|28|9|0
strict_curve,drive_06,A,CD210,set1,2400.0,22.4,0.7466666666666666,23.38968667753187,22.5051721360121,23.84576254534781,-0.00030228615976459806,0.00030228615976459806,34.03712844848633,-84.45502659145839,0.7090519205736926,2.0055016850040133,1.7539097289142567,0.09137618493637993,11.917789447068518,1.4822770591070498,1.4823833200165846,1.817359906540986,0.02878880487879698,1.3353609687652033,0.08165485619399106,0.9084821428571429,0.234375,14367.218248399671,15155.116113897006,9,-1,28,30,9|-1,28|30|9|-1
loose_curve,drive_01,A,CD210,set1,90.0,20.2,0.6733333333333333,24.400718809722306,23.312804569917688,24.697633894261465,-0.00023272356136713008,0.00023272356136713008,33.90091580646394,-84.66218831130499,1.358906295639121,3.8435674265740554,4.234384669689493,0.22865062211097245,119.28753528753992,3.6571580168420406,3.657213701212853,4.120080724897803,0.11168404902760629,15.065213293616322,0.08900373407985726,0.8613861386138614,0.1171875,-4773.890243798262,98.17066474246587,9,-1,-10,0,9|-1,-10|0|9|-1
loose_curve,drive_01,A,CD210,set1,120.0,30.0,1.0,25.48362321195874,24.871521830895528,25.808466913602594,-0.0002577891917500859,0.0003101315687604294,33.8985089448185,-84.6559522248324,0.8727324724136627,2.4684601976216096,2.083670213547692,0.13118289928467275,17.109602177189156,1.7328002943758016,1.7328054503693033,2.1595244095730606,0.03373499784678873,1.7151491729802153,0.11317752821978193,0.7383333333333333,0.234375,-4197.694951411067,-167.88382154447362,10,-1,-9,-1,10|-1,-9|-1|10|-1
loose_curve,drive_01,A,CD210,set1,150.0,30.0,1.0,27.376480698470438,26.592590600664863,27.797270872412163,0.00037457191270905273,0.00037457191270905273,33.89669215267279,-84.6477518311104,0.7062278226958981,1.9975139299635214,1.598327369728597,0.12001426710095701,22.54021509441409,1.39390496814653,1.3938849380229978,1.5996250708938302,0.029304142762987238,1.4321283959025444,0.1119285882283463,0.915,0.1953125,-3440.0036847624856,-368.7120253313258,10,0,-7,-1,10|0,-7|-1|10|0
loose_curve,drive_01,A,CD210,set1,180.0,21.8,0.7266666666666667,23.61139377740308,22.13588445628818,27.172474959778334,-0.0003852442853862349,0.0003852442853862349,33.89802042052601,-84.63786704706266,0.9410800536273335,2.6617763502371496,2.3164902753447505,0.12554490597125376,23.57893984570678,2.0284495846101755,2.0285647891899843,2.40335188992924,0.03747956754174908,1.8456469208575756,0.130095930617951,0.8325688073394495,0.1953125,-2526.67991037076,-221.8852968366275,9,-1,-6,-1,9|-1,-6|-1|9|-1
loose_curve,drive_01,A,CD210,set1,210.0,20.3,0.6766666666666666,21.704948925516383,21.39210743461161,22.1853008820841,-0.0003669671472794785,0.0003669671472794785,33.898933966241145,-84.63283585435326,1.194837204095479,3.379509957719553,3.18789059048181,0.14946769404935453,19.494406645006013,2.8443979730003046,2.8444160979198707,3.2185551691622716,0.04921935708034462,2.4792830124068064,0.1275866369964933,0.8817733990147784,0.234375,-2061.8131117797243,-120.90195348550395,8,-1,-5,-1,8|-1,-5|-1|8|-1
loose_curve,drive_01,A,CD210,set1,270.0,20.1,0.67,21.463574796638145,20.879969258041328,21.744874366766744,-0.0006073246574338732,0.0006073246574338732,33.901446855476316,-84.62306156454807,1.3204452648183784,3.7347832037549678,3.3901128036502923,0.15472807811131262,29.0599130088466,3.1547904163477822,3.154817041903203,3.5245625938267735,0.059065346345932995,2.6629083213624143,0.12941610598747272,0.945273631840796,0.1953125,-1158.698667016804,156.8728225702138,8,-2,-3,0,8|-2,-3|0|8|-2
loose_curve,drive_01,A,CD210,set1,300.0,30.0,1.0,22.494099503499363,22.109950737173758,22.766466723662226,-0.00040298216129630875,0.00040298216129630875,33.90333424244123,-84.61538829150055,0.9235084309734178,2.6120762960970096,2.342505678301696,0.11704989872598826,21.983468780789003,2.157367705508668,2.1574019633564525,2.3884496522700256,0.04028556758733909,2.3906899311050154,0.11838336895955338,0.9766666666666667,0.1953125,-449.7117364124493,365.5045776721357,8,-1,-1,0,8|-1,-1|0|8|-1
loose_curve,drive_02,B,CD210,set2,120.0,21.8,0.7266666666666667,27.790497337439827,27.637606827180925,27.90371379492452,0.00036778463853181994,0.00040794675145014816,33.89726994942696,-84.65248769565707,0.5208020848863776,1.4730507435169982,1.0309172367139814,0.07934138057414696,41.39257373376949,1.2665723672606748,1.2666029956387752,1.0994435606581714,0.024951164163690986,1.3164357169829617,0.10467280511804578,0.9013761467889908,0.1171875,-3877.5830655446834,-304.84237212517496,11,0,-8,-1,11|0,-8|-1|11|0
loose_curve,drive_02,B,CD210,set2,150.0,30.0,1.0,27.831904001501357,27.62218538038814,27.906514676116856,0.00016792828833002394,0.00027313308745491804,33.896777086856716,-84.6446538525426,0.5068971674411765,1.433721697847635,1.125662748968462,0.08634648096344713,25.33902193171923,1.1312028300133612,1.131206979654075,1.1482340416827674,0.022219619692256512,1.1448862946701281,0.10437932031721127,0.945,0.15625,-3153.759952491075,-359.32340064034577,11,0,-7,-1,11|0,-7|-1|11|0
loose_curve,drive_02,B,CD210,set2,180.0,30.0,1.0,27.690816550709947,27.585110959515397,27.82958454193634,-0.00029930570497185014,0.00029930570497185014,33.89839629924716,-84.63572108282375,0.5682120248265338,1.6071463036263238,1.147361774344838,0.08645336578315796,25.370388083073646,1.1400887712341419,1.1401144417130875,1.344410604804078,0.025698680005927732,2.075661413464092,0.07288079723883167,0.805,0.15625,-2328.3993865959233,-180.33566300059945,11,-1,-5,-1,11|-1,-5|-1|11|-1
loose_curve,drive_02,B,CD210,set2,1140.0,27.3,0.91,25.116326292311427,24.789671371591417,26.103681680772986,4.526838088508988e-05,0.0003131810687588833,33.8980520260334,-84.59492454767226,0.9876301577757491,2.7934399274702884,2.6838084115705034,0.16234606062341325,30.49066760624616,2.8158659791829037,2.8157845206967096,2.648234904309573,0.05478321026070321,2.382607951724909,0.12623851626285118,0.9963369963369964,0.1953125,1441.0755242062012,-218.39162404994454,10,0,2,-1,10|0,2|-1|10|0
loose_curve,drive_02,B,CD210,set2,1170.0,24.7,0.8233333333333334,26.233618354452283,25.140151165172973,26.796179847181342,6.983278507359621e-05,0.0003659779075648336,33.89567003009837,-84.58636511795208,1.677591351006669,4.7449448814268695,4.527763056793452,0.27551758006912386,143.738130915219,4.377638178379579,4.377887348810649,4.610281276557902,0.07696697394810136,3.5084485979934827,0.2049077416574737,0.979757085020243,0.1171875,2231.9406175575195,-481.69745470759267,10,0,4,-1,10|0,4|-1|10|0
loose_curve,drive_02,B,CD210,set2,1260.0,22.35,0.745,26.997138500213623,25.87973053898125,27.401352802845324,-0.00045334218869221113,0.00045334218869221113,33.89729908832991,-84.59299142617154,1.6980478359396385,4.802804558288242,3.9180784212599127,0.2771270580125848,144.57779911818557,4.495657193248064,4.495565496970648,4.1753506089759584,0.08376196566792726,4.387658654095482,0.16131386061485675,1.0,0.1171875,1619.6900307927276,-301.6213577935632,10,-1,3,-1,10|-1,3|-1|10|-1
loose_curve,drive_02,B,CD210,set2,1350.0,30.0,1.0,27.962900191545486,27.61555486312136,28.14209416712266,-0.00033034973397648237,0.00034247324116788724,33.90441528338231,-84.61052112005181,0.6169859296524867,1.745099739015838,1.2213005120051372,0.08851258611980513,25.974681722957282,1.120185506241843,1.1201747917801854,1.4938206493901987,0.02306067201807629,1.0242560950892954,0.08787077177028248,0.8833333333333333,0.15625,0.0,485.00284329921374,11,-1,0,0,11|-1,0|0|11|-1
loose_curve,drive_02,B,CD210,set2,1380.0,30.0,1.0,27.79657673149398,27.755713048158093,27.844362880393852,-4.4450136877205374e-05,0.0001970972178470954,33.90266690034427,-84.61944248183494,0.800975484349857,2.2655007861918532,1.712604632738698,0.13239550115741291,24.865569283612615,1.615503123788619,1.615496297882766,1.812116670794926,0.03365068734779678,14.225566501036788,0.09226985202316793,0.8566666666666667,0.1953125,-824.3065075698627,291.7365822741209,11,-1,-2,0,11|-1,-2|0|11|-1
loose_curve,drive_02,B,CD210,set2,1590.0,30.0,1.0,26.658806223981763,25.73177978306495,27.089088654428856,-0.00031412218703062364,0.00031412218703062364,33.89753169383643,-84.64095372071816,0.884118838989439,2.500665705696839,1.916736716974924,0.13389392886118967,25.146993180641,1.8001665319598001,1.8000910624590516,2.0587531910119456,0.03322205695477014,1.8166047663442604,0.10642881420063832,0.925,0.1953125,-2811.87910336711,-275.9091451030338,10,-1,-6,-1,10|-1,-6|-1|10|-1
loose_curve,drive_02,B,CD210,set2,1620.0,30.0,1.0,28.01051259266608,27.878695084597755,28.099241090818445,-0.0009888593923881943,0.0009888593923881943,33.89683892189885,-84.64992418131249,0.5752798319768173,1.6271370810826609,1.2762214739022173,0.09960847584203744,12.991490540509353,1.109094970498639,1.1090599255487132,1.3282506886782017,0.0243665086028872,1.0750244607913786,0.07507094294664443,0.905,0.234375,-3640.722190729699,-352.4881550830773,11,-2,-8,-1,11|-2,-8|-1|11|-2
loose_curve,drive_02,B,CD210,set2,1650.0,30.0,1.0,27.49339175094133,27.154554580387316,28.14869899358722,-0.0003380844241418988,0.0003380844241418988,33.89970265854528,-84.65852039210378,0.739736467201132,2.092290688995602,1.9523670167995586,0.14623858765988937,14.012999014493209,1.58566703929724,1.5857138358960867,1.9396771648803508,0.08576346301012308,15.570923350383566,0.0727288791990127,0.7716666666666666,0.2734375,-4434.985742412159,-35.93070618644447,10,-1,-9,-1,10|-1,-9|-1|10|-1
loose_curve,drive_03,C,OPM7,set1,360.0,30.0,1.0,28.711339200463186,27.029214217600362,30.064999883809783,-0.00037251680907971656,0.00037251680907971656,33.93261297420523,-84.26123126594501,0.4893401102035891,1.3840628409261213,0.9601359070207045,0.0738862200502108,7.079988567423884,0.9461456966272874,0.9461542067177158,1.117322646701874,0.01748499982548655,0.7042364409318728,0.04088615603166946,1.0,0.2734375,32273.312838072157,3601.9755868641287,11,-1,64,7,11|-1,64|7|11|-1
loose_curve,drive_03,C,OPM7,set1,390.0,30.0,1.0,28.456195158309107,28.225365595756102,28.73568675942316,-0.0003451443854158195,0.0003451443854158195,33.929108418555344,-84.26937263902225,0.44534049913949597,1.2596131475141579,0.9255137470488831,0.07496646827344314,5.499867981094832,0.8493872483432212,0.8493897988967898,1.0120715329352499,0.01636343348837518,0.6764298866191661,0.045732757760679636,1.0,0.3125,31521.074898252744,3214.5820053260677,11,-1,63,6,11|-1,63|6|11|-1
loose_curve,drive_03,C,OPM7,set1,420.0,21.9,0.73,30.19309117832232,28.922704252657077,30.414796736074727,0.00031445147293388025,0.0004038594570285138,33.92492364182549,-84.27914288968887,0.48181440214234145,1.3627769241127674,1.0116524196928565,0.08814936488384627,8.446723829953559,1.2531562614654979,1.2531342306806772,1.0665811184294391,0.023703593532450187,1.1945934363566895,0.0693604564175693,1.0,0.2734375,30618.333657524403,2751.996785607594,12,0,61,5,12|0,61|5|12|0
loose_curve,drive_03,C,OPM7,set1,450.0,22.7,0.7566666666666666,26.8215813381518,26.227471561279074,28.07142275714916,0.0007345699191432934,0.0007345699191432934,33.920559152847005,-84.28358390259021,0.5084329092799662,1.4380654317210755,1.3009603040099773,0.09560626663511657,49.87800076665147,1.1730489652834168,1.1730882162499183,1.3482633162112145,0.028507814069067907,1.5483749384666023,0.06977073746476245,1.0,0.1171875,30207.99766580393,2269.5461739262473,10,1,60,4,10|1,60|4|10|1
loose_curve,drive_03,C,OPM7,set1,540.0,22.15,0.7383333333333333,33.921592154869664,33.54066361312137,34.26941353958789,-0.000298309746088542,0.000298309746088542,33.920352935791016,-84.30457269466476,0.44711872046427725,1.2646427169429713,0.7451120314605982,0.08578663199170916,44.75507565399769,0.9161913849737342,0.916175971699745,0.8531945447664444,0.017308973308342746,0.7987356088954506,0.06528940475911761,1.0,0.1171875,28268.697555162875,2246.750940557162,13,-1,56,4,13|-1,56|4|13|-1
loose_curve,drive_03,C,OPM7,set1,570.0,30.0,1.0,33.79040561815607,33.541240596211004,33.99012021442384,-0.0002873502501844762,0.0002873502501844762,33.92033004760742,-84.31431441059146,0.28270903965279787,0.7996219161649197,0.4380902371450318,0.05038047132701462,9.46209719644087,0.5095360021540022,0.5095656349298519,0.5251876199050652,0.00842020598005963,0.412359140662323,0.030789068579366204,1.0,0.1953125,27368.592837016236,2244.2208807427087,13,-1,54,4,13|-1,54|4|13|-1
loose_curve,drive_03,C,OPM7,set1,600.0,30.0,1.0,33.31897109554948,32.573771936598774,33.60877954967427,-0.0002200324907448597,0.00024236727865716473,33.920310974121094,-84.32542764228674,0.312862218693185,0.884907985660079,0.6036852766479606,0.06564430662682329,8.561694990023716,0.6033980419947577,0.6033974153297935,0.6318653754565476,0.012665009886483804,0.6313896154368349,0.0446445258192083,1.0,0.234375,26341.7642620472,2242.1124975639977,13,-1,52,4,13|-1,52|4|13|-1
loose_curve,drive_03,C,OPM7,set1,630.0,30.0,1.0,33.132081790305705,32.649326658836536,33.61705773752935,-0.00021360521834453528,0.000244850452413975,33.91875094530113,-84.33605770362216,0.39777784214217543,1.1250856383379373,0.7082968687478812,0.07923942373888737,41.339382627305184,0.7215548511095454,0.7215517669692051,0.8115159959123607,0.013705637378311082,0.6498605964902265,0.03573120156766981,1.0,0.1171875,25359.579148645695,2069.66691180491,13,-1,50,4,13|-1,50|4|13|-1
loose_curve,drive_03,C,OPM7,set1,810.0,30.0,1.0,32.079605086767,30.516460958235125,32.37876214411497,6.152382059674672e-05,0.0003280613734839961,33.91572095649528,-84.40304190703581,0.8857894046304007,2.505390778869404,1.7682749500880626,0.1705614516955478,16.343685293781032,1.6514820034275544,1.6514653898713763,1.9136911059646053,0.03310213575601936,1.5866951787355468,0.06688576163376543,1.0,0.2734375,19170.443888745176,1734.7319492063205,12,0,38,3,12|0,38|3|12|0
loose_curve,drive_03,C,OPM7,set1,840.0,30.0,1.0,33.66067729188519,30.82587151825428,34.74928854334739,-7.8923266175773e-06,0.00028841238135001997,33.91597366333008,-84.41410450606456,0.5167343232776362,1.461545376245833,0.9845146505858666,0.10679186212023868,10.233101143777358,0.9399349774647364,0.939941826156504,1.0411864018310841,0.01769372899644371,0.8662177190964734,0.06514710439231386,1.0,0.2734375,18148.29361710358,1762.6661627251306,13,-1,36,3,13|-1,36|3|13|-1
loose_curve,drive_03,C,OPM7,set1,870.0,20.65,0.6883333333333332,32.34766006340852,31.541769782968817,32.99745519145005,0.0004181103409854275,0.0004181103409854275,33.91417101710997,-84.42246668160037,0.7141138361071333,2.019818944201971,1.3215473236921806,0.14033707795288625,18.303540991822018,1.4923148808791438,1.492315062131055,1.468207372733609,0.026825172331604422,1.3888823571970594,0.10897379594482244,1.0,0.234375,17375.65420630784,1563.4016495545695,12,0,34,3,12|0,34|3|12|0
loose_curve,drive_03,C,OPM7,set1,1500.0,30.0,1.0,23.97062343442292,23.528945159984797,24.38809715715882,-0.0008666004598663179,0.0008666004598663179,33.89448165893555,-84.50576707131006,0.6171442902502281,1.745547650425981,1.487569611608019,0.0844306769043302,8.0903885300438,1.3192858630611175,1.3192859297941555,1.5304798213050272,0.02570309375947822,0.9213584336000558,0.04932623120822339,0.925,0.2734375,9678.953300096595,-613.0600030463538,9,-2,19,-2,9|-2,19|-2|9|-2
loose_curve,drive_03,C,OPM7,set1,1620.0,28.05,0.935,23.86691247687048,22.35172614630531,24.1057895610207,-0.00039731059178380165,0.00039731059178380165,33.89452362060547,-84.52893306582214,0.7045023694438765,1.9926336111830218,1.7960157139792707,0.0934613082945668,8.95572941439334,1.97654064044095,1.976546680864614,1.8446661639331465,0.034704350084534576,1.4312270326289351,0.077306333660661,1.0,0.2734375,7538.486351792552,-608.4215600531898,9,-1,15,-2,9|-1,15|-2|9|-1
loose_curve,drive_03,C,OPM7,set1,1770.0,21.3,0.7100000000000001,20.91867631781262,20.63196842693513,21.16930888929219,-0.0004482424523784041,0.0004482424523784041,33.89480209350586,-84.55314366895972,0.5121469929059362,1.4485704465923448,1.2719786235683834,0.05475938550925902,7.142023134414945,1.6749410260121507,1.6750361568778245,1.355536755817162,0.026774740856583747,0.987812601984933,0.05699019913182106,0.9483568075117371,0.234375,5301.500765550832,-577.6391656440101,8,-1,10,-2,8|-1,10|-2|8|-1
loose_curve,drive_03,C,OPM7,set1,1800.0,26.25,0.875,20.76344159245491,20.456084909110235,21.4412472981673,-0.0004891438593666923,0.0004891438593666923,33.894866943359375,-84.55876286316855,0.616710285734009,1.7443201002800446,1.6195166832615635,0.071408630043029,6.842578818844375,1.6347094372135056,1.6348090242619793,1.6614024457507108,0.025205090822658687,1.0660657559769962,0.07525704571526236,0.8419047619047619,0.2734375,4782.304429134746,-570.4706628363929,8,-1,9,-2,8|-1,9|-2|8|-1
loose_curve,drive_03,C,OPM7,set1,1830.0,20.7,0.69,20.38189412880579,20.106974630972537,20.691950884115485,-0.00047294832954749086,0.00047294832954749086,33.8950080871582,-84.56688751955576,0.5820182075877604,1.6461960854373803,1.4312269193881793,0.06177886247104989,11.602860909980818,1.5648025476115894,1.5648055300479435,1.4873537933021483,0.025971596123872023,0.9926813009762366,0.04748714592070858,0.9106280193236715,0.1953125,4031.611060279853,-554.8686273139319,8,-1,8,-2,8|-1,8|-2|8|-1
loose_curve,drive_03,C,OPM7,set1,1950.0,25.9,0.8633333333333333,23.364111362777955,22.663547793333915,24.076496890038253,-0.0006025761772773079,0.0006025761772773079,33.89669983567194,-84.59153719669165,1.9736020620236578,5.582189605682727,5.179158326980135,0.2880558070416801,150.27935165900553,6.271170408944849,6.271582416731102,5.26495039448895,0.10986117088798619,6.167961473886143,0.14283476463394196,0.9980694980694981,0.1171875,1754.0563812349826,-367.8627466056045,9,-2,3,-1,9|-2,3|-1|9|-2
loose_curve,drive_03,C,OPM7,set1,2070.0,24.35,0.8116666666666668,21.497805600033868,21.206855096073618,21.627806840124336,-0.0004714341606686655,0.0004714341606686655,33.904701232910156,-84.60921358302528,0.6748178645791484,1.9086731524389646,1.9134652902377445,0.08869580939870568,26.02844996725236,1.8397741282100302,1.839769701148335,1.9597142035457293,0.030717710814075382,1.3520835896250225,0.06847999331723781,0.9075975359342916,0.15625,120.81241698991398,516.6117041069665,8,-1,0,1,8|-1,0|1|8|-1
loose_curve,drive_03,C,OPM7,set1,2100.0,30.0,1.0,23.86198718300046,23.20591993636141,24.54070824820505,-0.0004088612645006737,0.0004088612645006737,33.90335725285135,-84.61600664299755,0.760944551087849,2.152276208724685,1.8712575116586498,0.10588024486848074,13.809489483777103,2.002928387144914,2.0029288085850827,1.9410629023013763,0.03262825495168183,1.4192789608032574,0.07199747739105002,0.94,0.234375,-506.84552106668707,368.04814840655325,9,-1,-2,0,9|-1,-2|0|9|-1
loose_curve,drive_03,C,OPM7,set1,2130.0,23.7,0.7899999999999999,22.554762979800053,22.315157533380663,22.6116673056751,-4.076292605244264e-05,0.00018995701203335216,33.90177426290134,-84.6225026772043,0.7195975960408619,2.0353293595441255,1.7043069726880469,0.08629669986991854,16.2076245099242,1.9111111353743695,1.91112470173197,1.823735797646254,0.033571743046577486,11.34325316357189,0.09094815644586995,0.8586497890295358,0.1953125,-1107.0591880147433,193.0644393325528,9,-1,-3,0,9|-1,-3|0|9|-1
loose_curve,drive_03,C,OPM7,set1,2340.0,30.0,1.0,21.754959272765895,21.107291992947744,23.598942929363794,-0.0007214225356738523,0.0007214225356738523,33.897053292393686,-84.64372290322478,0.6172209434256407,1.745764458346516,1.534029989120579,0.07255966482717494,9.463634407173064,1.6287892220255058,1.6287892222001457,1.639291937842618,0.02733728097653904,1.14648873778254,0.06473497415869144,0.91,0.234375,-3067.743086506795,-328.7916405836761,8,-2,-7,-1,8|-2,-7|-1|8|-2
loose_curve,drive_03,C,OPM7,set1,2370.0,30.0,1.0,22.626227742996672,22.438447722405517,23.135407386720917,-0.001130597955516966,0.001130597955516966,33.897091969122755,-84.6512437177134,0.6290222144733536,1.779143493484349,1.5807688139758729,0.08194482903744552,10.687699638852882,1.5336598889840398,1.533659876285025,1.6211962757626839,0.027525622055300014,1.0556564739070318,0.06303226960856807,0.99,0.234375,-3762.643313164836,-324.5163149523657,9,-3,-8,-1,9|-3,-8|-1|9|-3
loose_curve,drive_03,C,OPM7,set1,2400.0,30.0,1.0,23.213957522276456,22.940110209557385,23.58711841957874,-0.00036303864557085035,0.00036303864557085035,33.89961273610141,-84.65820218333275,0.6926921432943297,1.959229247192257,1.7407774117020287,0.09460090112596795,12.338374839212223,1.6596867055811257,1.659685074343793,1.7965377526144812,0.02773671669345674,2.14454024476439,0.06685364946232233,0.8216666666666667,0.234375,-4405.584226465842,-45.870733131805395,9,-1,-9,-1,9|-1,-9|-1|9|-1
loose_curve,drive_04,A,CD210,set1,120.0,22.3,0.7433333333333334,25.21944100448486,25.04229637862685,26.285826239447346,-0.00040316665867662187,0.00040316665867662187,33.89944384922272,-84.6581749212568,0.8353909055061834,2.362842296899971,1.8739747959506932,0.12096586937722664,22.718938178840446,1.7010873163872753,1.7011151338223378,2.035311909144624,0.03363650058868933,1.6546887675697526,0.10049736930751083,0.6390134529147982,0.1953125,-4403.065294137069,-64.53948870219676,10,-1,-9,-1,10|-1,-9|-1|10|-1
loose_curve,drive_04,A,CD210,set1,150.0,30.0,1.0,26.46398106512236,26.315944925626777,26.54069698898755,0.00037249763132448993,0.00037249763132448993,33.89671534923918,-84.64898086060248,0.5554945217795577,1.5711757730492144,1.3154622587248046,0.09236606407163259,12.046894980640543,1.1129214762226527,1.1127977501575603,1.336293764461255,0.02307486632672414,1.109683087833343,0.07768501367376088,0.885,0.234375,-3553.562245993969,-366.1478768827293,10,0,-8,-1,10|0,-8|-1|10|0
loose_curve,drive_04,A,CD210,set1,180.0,28.7,0.9566666666666667,26.336723634635025,26.200839950713576,26.573145354292073,-0.00032049770766223,0.00032049770766223,33.89753675024684,-84.64054490412637,0.6911565091451806,1.954885817911117,1.6917384114753824,0.10558823623968132,13.771404096898873,1.4544419289809063,1.4544062229458508,1.6855981055176477,0.027368686996953138,1.2878301377281054,0.08552207901271416,1.0,0.234375,-2774.1057022648783,-275.3502094956818,10,-1,-6,-1,10|-1,-6|-1|10|-1
loose_curve,drive_04,A,CD210,set1,210.0,21.6,0.7200000000000001,21.89514230941618,20.99265439886286,22.70521131052825,-0.00037343900392061864,0.00037343900392061864,33.89878355376989,-84.63366804902108,1.1051515261993818,3.1258405536569818,2.7176619383388716,0.1263745292881965,16.482467861595836,2.4218394649935626,2.4219604798955623,2.9594181628607235,0.04456867825808399,2.1048628134053566,0.10926241531261399,0.8842592592592593,0.234375,-2138.705350535079,-137.52854805823063,8,-1,-5,-1,8|-1,-5|-1|8|-1
loose_curve,drive_04,A,CD210,set1,270.0,28.85,0.9616666666666667,21.063077212668755,20.781661163370515,21.381724257622995,-0.0007520894198688334,0.0007520894198688334,33.9021844897992,-84.62108420643676,1.1428943452769709,3.2325933669004225,2.9000567152669885,0.1279647672682887,16.689875529476318,2.443590474510043,2.4437500798222676,3.057464323252855,0.04810531569391644,2.190958585359468,0.12379227366817416,0.9410745233968805,0.234375,-975.9968330851776,238.4109206215149,8,-2,-2,0,8|-2,-2|0|8|-2
loose_curve,drive_04,A,CD210,set1,300.0,23.0,0.7666666666666667,22.221799441933516,21.54565176669152,22.440419181786915,-0.00033736323589551474,0.00033736323589551474,33.90376293049979,-84.61321083578167,0.8857274179980702,2.5052154541971485,2.2998249273660467,0.11020541293512902,32.340604321090396,1.9738188732259114,1.9738495433819416,2.3170738274932408,0.03941881398403309,1.9333298293368497,0.11522505521320184,0.9521739130434783,0.15625,-248.52149632906648,412.8917556648428,8,-1,-1,0,8|-1,-1|0|8|-1
loose_curve,drive_04,A,CD210,set1,420.0,21.8,0.7266666666666667,24.4012151806839,23.872239292970736,24.800520168328138,0.00012786556998308488,0.00034651115053044843,33.89644221009427,-84.5911174524151,1.9436729436166096,5.497537275360491,5.07913299736738,0.29528863725208676,86.65466353730834,4.7321590395111155,4.732192228365042,5.1775460365503845,0.09846186703471875,4.414514305650012,0.1278985877872352,1.0,0.15625,1792.8394669431573,-396.3406779609586,9,0,3,-1,9|0,3|-1|9|0
loose_curve,drive_04,A,CD210,set1,450.0,25.75,0.8583333333333333,22.39392330509206,20.932976834118396,23.742581249127554,-0.00019540406571253317,0.0002912390435548306,33.89538353579552,-84.58503181203761,1.8272674670086673,5.168292867853578,4.793860243784722,0.22497876889961987,117.3719213457274,4.714156984419066,4.7143390580224205,5.924239558848086,0.12292018460850432,12.781211497881113,0.07845328154395026,0.9378640776699029,0.1171875,2355.134000877003,-513.3665349452446,8,-1,4,-2,8|-1,4|-2|8|-1
loose_curve,drive_04,A,CD210,set1,510.0,20.05,0.6683333333333333,25.293023533434482,24.67548120804947,25.686473754688084,-0.0005467336482126524,0.0005467336482126524,33.895978735339256,-84.58768386225546,2.2808600392566367,6.4512464027831316,5.539848639696813,0.3323824122356375,173.40463963082118,4.905265959486915,4.9053600579289025,5.767381739636083,0.10358756187146792,5.747514307439274,0.10103956555478567,0.972568578553616,0.1171875,2110.092682509118,-447.5731773803858,10,-2,4,-1,10|-2,4|-1|10|-2
loose_curve,drive_04,A,CD210,set1,540.0,29.25,0.975,24.655874589511328,23.909761864066922,25.343049458835434,-0.0007450298814338737,0.0007450298814338737,33.89766872921381,-84.59396318589822,1.3881143150001747,3.9261801807949714,3.611739834047642,0.2058983583434612,60.42241628791521,3.1994832004034217,3.1994740199457707,3.64807686346684,0.06772140901448903,3.158052736422257,0.08446101819009527,0.9965811965811966,0.15625,1529.9024080092759,-260.76125448688754,9,-2,3,-1,9|-2,3|-1|9|-2
loose_curve,drive_04,A,CD210,set1,660.0,30.0,1.0,24.46544124606364,23.49385313547124,25.458894152496832,-0.00036213095595023434,0.00036213095595023434,33.90438135919724,-84.61077939756387,0.5760976417567235,1.6294501964470303,1.4362276575626904,0.08453993030867454,24.808876103524764,1.3284532107348912,1.3284254458887046,1.4362128729866988,0.024679308430989595,1.2169403122520184,0.08347354735776244,0.9433333333333334,0.15625,-23.86405115335974,481.25286388098925,9,-1,-1,0,9|-1,-1|0|9|-1
loose_curve,drive_04,A,CD210,set1,690.0,24.0,0.8,25.55698120175562,25.09125922521309,25.81664296959517,-0.00016687674264305463,0.0002121202722765249,33.90293526548328,-84.61813923740911,0.6100621157802538,1.7255162360529208,1.4125472935451302,0.09194548722173881,17.268539057904796,1.3268692188173203,1.32682532860638,1.4514503726855519,0.02547100902661423,1.3111131771059712,0.08119710596710178,0.9145833333333333,0.1953125,-703.8907137394065,321.4016647399754,10,-1,-2,0,10|-1,-2|0|10|-1
loose_curve,drive_04,A,CD210,set1,750.0,22.85,0.7616666666666667,24.27075487442231,23.099081660818864,24.552339933536672,-0.0004669088402184831,0.0004669088402184831,33.899654453013746,-84.62943241987861,0.8409265742872691,2.378499532634004,2.0888995057393815,0.1127746309101268,21.180518777564135,1.8754412061886625,1.875359110568675,2.1120206640972627,0.03722135596497322,154.4022603641498,0.09384896683256103,0.9212253829321663,0.1953125,-1747.3461891572492,-41.25934564226881,9,-1,-4,-1,9|-1,-4|-1|9|-1
loose_curve,drive_04,A,CD210,set1,840.0,25.7,0.8566666666666667,23.195792320802678,22.23737878511868,26.605094743699066,-0.00039992612661188487,0.00039992612661188487,33.89732008568516,-84.64221842916264,0.5217836507196573,1.4758270309445707,1.274268532983578,0.0676055188738942,12.697181541801003,1.010272764307895,1.0104029123925278,1.3102961767030727,0.021610477600268164,1.1078489983495683,0.05895714688982352,0.9357976653696498,0.1953125,-2928.73429053553,-299.30031014422,9,-1,-6,-1,9|-1,-6|-1|9|-1
loose_curve,drive_04,A,CD210,set1,870.0,30.0,1.0,23.79055925610843,23.099254051169435,24.13269238155949,-0.0010686627884271857,0.0010686627884271857,33.89688104886589,-84.65010801151749,0.6159813290526226,1.7422582994296463,1.581135696226174,0.08718778532608315,11.371515111907176,1.481213857387025,1.481359493303148,1.5682157987916048,0.02682976561430428,1.376161176129558,0.07539874612665363,0.9766666666666667,0.234375,-3657.707538701879,-347.8314401458766,9,-3,-8,-1,9|-3,-8|-1|9|-3
loose_curve,drive_04,A,CD210,set1,900.0,30.0,1.0,24.029612795260157,23.482566239800143,24.242640676281667,-0.00028603219462145657,0.00028603219462145657,33.899238696205444,-84.6573412229773,0.937335729301459,2.651185801749999,2.3015880465022787,0.12906307870562447,16.83312340600551,1.9055731658779653,1.9055321290726863,2.425036341640673,0.035189776452930005,1.7516270554050748,0.10101077729118846,0.8816666666666667,0.234375,-4326.034126266756,-87.21710323193179,9,-1,-9,-1,9|-1,-9|-1|9|-1
loose_curve,drive_05,C,OPM7,set1,240.0,22.4,0.7466666666666666,28.18150138522205,28.049235478005283,28.326447460895103,0.00029496946731690453,0.00029496946731690453,33.897428870283136,-84.65295136995616,0.431691397248506,1.2210076574972573,0.9279560846004963,0.07369805230107081,21.62724575159423,0.9425830356701411,0.9424272692716192,1.0609903993491145,0.017541660603191133,0.9156796492265807,0.06649834440393014,0.9241071428571429,0.15625,-3920.4251508024367,-287.2752606838637,11,0,-8,-1,11|0,-8|-1|11|0
loose_curve,drive_05,C,OPM7,set1,270.0,30.0,1.0,28.289035477724163,28.066545947586402,28.367254019031364,0.00022104711508539758,0.00027156798426195754,33.89674531739334,-84.64493935753057,0.39753082872464884,1.1243869788876288,0.8542909310614474,0.0682226215149724,35.59189253999069,0.7947097623024592,0.7947033178205826,0.8772364705503504,0.015067288070853026,0.6027962962186708,0.04317783958331739,0.895,0.1171875,-3180.1397390359507,-362.83519712198,11,0,-7,-1,11|0,-7|-1|11|0
loose_curve,drive_05,C,OPM7,set1,300.0,30.0,1.0,28.171357048064003,28.108622909624764,28.342151360477445,-0.0002814251422325914,0.0002814251422325914,33.898373750246705,-84.63585985741162,0.4454483404508042,1.2599181688042302,0.8754717914770443,0.06949190654553726,9.063520336964139,0.8547808549822951,0.8547822794206187,1.0297750794717273,0.014954412002459703,0.6208030198678237,0.05102240454208386,0.8083333333333333,0.234375,-2341.2217335251557,-182.8282295109267,11,-1,-5,-1,11|-1,-5|-1|11|-1
loose_curve,drive_05,C,OPM7,set1,330.0,30.0,1.0,27.903315014511577,26.754343907394308,28.172761012442397,-3.613598463051907e-05,0.00020372963004615553,33.90002770564304,-84.62698778402847,0.8058781445477495,2.279367603278986,1.5905265469512668,0.11756759704934176,61.33527541809226,1.5930096328425956,1.5930096362847164,1.9163963474757277,0.031961876124171416,1.5551096671194005,0.053236094806091046,0.735,0.1171875,-1521.4693231702142,0.0,11,-1,-4,0,11|-1,-4|0|11|-1
loose_curve,drive_05,C,OPM7,set1,360.0,27.15,0.9049999999999999,28.238593246396732,28.223007624099097,28.264950005500324,-0.0005297264456399404,0.0005297264456399404,33.90272020873328,-84.61874868166845,0.5854769588208085,1.655978911242683,1.2685574304961869,0.10105189492703251,52.718997091251346,1.255571505665018,1.255592245906648,1.3980416748747422,0.023347939965936055,1.1201957200966242,0.08046921911737107,0.9502762430939227,0.1171875,-760.2014969120937,297.6292915948652,11,-2,-2,0,11|-2,-2|0|11|-2
loose_curve,drive_05,C,OPM7,set1,390.0,22.45,0.7483333333333333,26.193277399017386,21.93962753212059,28.063817396471578,-0.00022209146075054012,0.00022209146075054012,33.90464401245117,-84.60881113210795,0.6382661406889014,1.8052892651315569,1.5611512820800684,0.09359731947684712,27.466834832307203,1.34489435464663,1.3448987794527187,1.6729220797797846,0.028689080635686377,16.711707586640518,0.09583663062777187,0.8396436525612472,0.15625,157.99764926735742,510.28655457083374,10,-1,0,1,10|-1,0|1|10|-1
loose_curve,drive_05,C,OPM7,set1,570.0,24.45,0.815,24.929600462484895,23.780979741825146,25.414417793078975,0.00011300108453201215,0.00032092785988651116,33.896947904975114,-84.59231194764554,1.4981627301966551,4.237444103372027,4.0114669927034585,0.22542490251106018,66.1526270086385,4.4766744271957695,4.4766584265699185,4.1730848225469925,0.08629647179892946,4.38527062109817,0.140346371463792,1.0,0.15625,1682.4717657282713,-340.44116583256607,9,0,3,-1,9|0,3|-1|9|0
loose_curve,drive_05,C,OPM7,set1,750.0,30.0,1.0,23.88754804049009,23.563843376328293,24.24709286880371,0.0001422783569396833,0.0001422783569396833,33.8805887507382,-84.5886459350586,1.5343062013552307,4.339673277579425,1.6080061544582016,0.08978920115333873,46.843224838551315,5.022298553026767,5.022241794942458,5.084435923311703,0.04501485122410833,13.762550155625174,0.07004667879205446,0.855,0.1171875,2021.2001017957953,-2148.782075181276,9,0,4,-5,9|0,4|-5|9|0
loose_curve,drive_06,A,CD210,set1,150.0,26.65,0.8883333333333333,26.60759273935987,26.15351210229191,26.91942068576183,-0.00011264430783140167,0.0004746763220871557,33.900654862847894,-84.66125134836423,1.7230749815929374,4.873592015909007,4.707414285716036,0.3176658578453415,93.22142661852105,5.1981819033556125,5.1979711643421815,5.880957324833074,0.18493614392466642,4.030396348103441,0.06438674137223814,0.7579737335834896,0.15625,-4687.317737471046,69.32595742448271,10,-1,-10,0,10|-1,-10|0|10|-1
loose_curve,drive_06,A,CD210,set1,180.0,30.0,1.0,26.031804878945344,25.448611694333252,27.084142654966772,0.00010215407233094871,0.0003249036360145265,33.89774479462032,-84.65395263006013,0.5856698525035354,1.6565244969671,1.2517510399629599,0.0854827987558063,8.191205849902975,0.9752185637135722,0.9751350507893763,1.3388452781920692,0.020902884286385374,1.0023478157603605,0.08336985862788428,0.84,0.2734375,-4012.938518104606,-252.3529844512285,10,0,-9,-1,10|0,-9|-1|10|0
loose_curve,drive_06,A,CD210,set1,210.0,30.0,1.0,27.405356769325834,27.21011170324597,27.45258203725572,0.0001995560231690557,0.0002902447622291452,33.896697998046875,-84.64516535419867,0.4823491582427318,1.364289442772235,1.1004934466908054,0.082211780787702,24.125663179106706,0.9567598850543825,0.9567950396962076,1.0978023179374703,0.020768051470169625,0.9700991830346931,0.077337419192661,0.9016666666666666,0.15625,-3201.0211390650466,-368.0658776801428,10,0,-7,-1,10|0,-7|-1|10|0
loose_curve,drive_06,A,CD210,set1,240.0,22.8,0.76,27.245628138273723,27.18438230415845,27.305580266307757,-0.00031403296904050344,0.00031403296904050344,33.89806360500193,-84.63740561417197,0.5222678278370587,1.4771964906366104,0.9958378720270008,0.07447322465018409,21.854725886695032,1.0661164377494918,1.066166361515024,1.1834894316024016,0.018364394530623836,1.1093647235460784,0.08268847851714864,0.7127192982456141,0.15625,-2484.044924384583,-217.1116848683694,10,-1,-5,-1,10|-1,-5|-1|10|-1
loose_curve,drive_06,A,CD210,set1,270.0,29.0,0.9666666666666667,27.22779013852911,27.178656926930074,27.321968131449758,-5.725324069381223e-05,0.00020535626037490416,33.899928514157935,-84.62739221155395,0.7289363713245116,2.06174340486831,1.561444367300389,0.11549171557152019,60.25228345965267,1.4407559212434249,1.4407525052292314,1.686287494704765,0.030670565791926653,1.4881683028777195,0.07470930929366544,0.6862068965517242,0.1171875,-1558.8371879871372,-10.964626763575325,10,-1,-4,-1,10|-1,-4|-1|10|-1
loose_curve,drive_06,A,CD210,set1,300.0,30.0,1.0,27.342650928424003,27.31530004947082,27.370232108332377,-0.000545760789989881,0.000545760789989881,33.90263161890637,-84.61915644673779,0.7380595642259454,2.087547691135017,1.6455206636587654,0.12282065121754389,64.07580539641285,1.4701623622220603,1.4701446130995535,1.7989532113272289,0.02804096320332236,2.712043995744118,0.09547834565362769,0.96,0.1171875,-797.8777405605455,287.83657212834896,10,-2,-2,0,10|-2,-2|0|10|-2
loose_curve,drive_06,A,CD210,set1,330.0,25.6,0.8533333333333334,27.071062132816138,23.410267394762034,27.161806019502027,-0.0002859483092484068,0.0002859483092484068,33.904223064745125,-84.61102014807348,0.5765562544889794,1.6307473491386968,1.2277635375348153,0.07970364395873616,10.395391835692067,1.1251114119923886,1.1251041594394957,1.450686215546135,0.021193001633456072,347.45271160831714,0.06715598930723482,0.921875,0.234375,-46.10866095532381,463.75499514439184,10,-1,-1,0,10|-1,-1|0|10|-1
loose_curve,drive_06,A,CD210,set1,750.0,30.0,1.0,22.807837114837763,21.864259343631197,23.51180121112515,-0.0007154062826803026,0.0007154062826803026,33.91475337863129,-84.59076055539053,0.8425021604422591,2.3829559632521526,2.058140284024854,0.10866337675810256,20.408372639168142,1.6482627457724488,1.6482662375918995,2.1963126091136833,0.03258896979983915,3.036890229767239,0.09111467974136124,1.0,0.1953125,1825.8156590358253,1627.775892120996,9,-2,3,3,9|-2,3|3|9|-2
loose_curve,drive_06,A,CD210,set1,780.0,24.55,0.8183333333333334,21.585010749394776,21.121278455141823,22.324898825655406,0.00025562243813389765,0.0002704089168288936,33.91722178401017,-84.58477330265976,0.9058337799144794,2.5620848336214843,2.3776401409161596,0.11254502674823393,14.678747345755454,2.0064841322050055,2.006484259808561,2.382332294165367,0.042109473159596185,20.195972995919988,0.08617876355658542,0.9103869653767821,0.234375,2379.019475719991,1900.6334227021139,8,0,4,3,8|0,4|3|8|0
loose_curve,drive_06,A,CD210,set1,900.0,30.0,1.0,22.203573003228023,21.88811412714993,22.490995356069796,-0.00044615116711566033,0.00044615116711566033,33.92705486395953,-84.57066019592742,1.1881907380787833,3.3607109129542265,2.8488997327899237,0.13770770792347914,17.96060395181839,2.3912946687034915,2.391447845384478,3.1273781828289424,0.045733111925796106,2.105944574094284,0.11848767393497357,1.0,0.234375,3683.0273171575973,2987.5820803051047,8,-1,7,5,8|-1,7|5|8|-1
loose_curve,drive_06,A,CD210,set1,930.0,30.0,1.0,25.337944104072243,22.702828967096572,25.926970773575384,-0.00036814860803567736,0.00036814860803567736,33.930735427623496,-84.56469186447957,0.8127774632607407,2.2988818234690793,1.8841931996017829,0.10582818667494036,13.80269976509886,1.5733250989047678,1.573352349849166,2.0063065488094622,0.0305007848609156,1.511594317655006,0.08511235770990773,1.0,0.234375,4234.482865244461,3394.4315877195468,10,-1,8,6,10|-1,8|6|10|-1
loose_curve,drive_06,A,CD210,set1,960.0,27.8,0.9266666666666666,21.621878066058684,20.953316733497385,22.808104288022,-0.0002916773617406877,0.0003538700229986344,33.93447783837209,-84.55840105833309,0.9205442567797886,2.603692345405276,2.266825199081528,0.1101439289867554,14.36558284252026,1.9761924422462738,1.9761087726337099,2.422253226707279,0.03838868933341792,1.7028060700690548,0.11778872060721958,0.7931654676258992,0.234375,4815.7340879237545,3808.1176718690467,8,-1,9,7,8|-1,9|7|8|-1
loose_curve,drive_06,A,CD210,set1,1410.0,24.1,0.8033333333333333,24.51586750337952,22.78172450002871,28.51279196266485,-0.0011410738653682639,0.0011410738653682639,33.97708416477974,-84.5495233438054,0.8193678108164526,2.3175221412571596,1.8745325386955467,0.13548607691319603,25.446018958336143,1.6006505654023915,1.6006338648015517,2.0077593535478475,0.03287164506096427,1.434974373950635,0.08117800916615821,1.0,0.1953125,5636.007722758485,8517.82099297072,9,-3,11,17,9|-3,11|17|9|-3
loose_curve,drive_06,A,CD210,set1,1440.0,25.6,0.8533333333333334,28.074572244423152,25.356388819013223,29.102686557681004,-0.00038141770180389234,0.00038141770180389234,33.98214037221091,-84.54472105891773,0.3602472087374548,1.01893297680712,0.8082212688151104,0.06948825194792417,36.25217473619852,0.6074025538324727,0.6073372847971569,0.8269133444729085,0.013442828263226049,0.5407691721155423,0.05158478800399509,1.0,0.1171875,6079.724139640331,9076.734162411929,11,-1,12,18,11|-1,12|18|11|-1
loose_curve,drive_06,A,CD210,set1,1500.0,30.0,1.0,23.095678199707955,22.799452748925102,24.68811754909892,-0.0014732049393523644,0.0014732049393523644,33.993868354468475,-84.5356421435784,1.0627739362814306,3.0059786288516777,2.661798748562051,0.1559753376532681,29.294164311073757,2.2656468913550567,2.2656740744226456,2.702115089046485,0.04701674333380289,2.400679993459477,0.10426044223777173,0.9683333333333334,0.1953125,6918.58811330441,10373.14532116352,9,-3,13,20,9|-3,13|20|9|-3
loose_curve,drive_06,A,CD210,set1,1860.0,20.2,0.6733333333333333,20.694815212891694,20.221932315470085,21.132907878096635,-0.0005575820934302761,0.0005575820934302761,33.99467849731445,-84.51804236092664,0.9694427417709084,2.741998146713154,2.4223657980561857,0.10286882062186312,19.320080848179465,2.003563812830356,2.0034066266616772,2.5510021429351344,0.0398764214981367,2.070117868125365,0.13074705371736783,0.8316831683168316,0.1953125,8544.754131938795,10462.698511357943,8,-2,17,20,8|-2,17|20|8|-2
loose_curve,drive_06,A,CD210,set1,1980.0,27.3,0.91,21.138659304023196,20.686387860186528,21.259285722430906,-0.00037737089431067296,0.00037737089431067296,34.000925109875794,-84.50301360584832,0.8570209932690211,2.4240214238390214,2.10670804261675,0.09348805899719716,12.19323178921783,2.0446609166221212,2.044976573678122,2.2126066836500353,0.03977012065357319,1.821249454643911,0.15890133487447772,0.8333333333333334,0.234375,9933.36507642117,11153.199063888596,8,-1,19,22,8|-1,19|22|8|-1
loose_curve,drive_06,A,CD210,set1,2010.0,23.45,0.7816666666666666,23.00888505453865,22.822412360358882,23.487184548507567,-0.00024945099868050165,0.00024945099868050165,34.00699614499502,-84.4987716772706,0.768195499867951,2.1727849889344713,2.0261149564134895,0.10614294012118441,31.14844122908052,1.9229290334626814,1.9231712433989865,1.9824948215909648,0.03404410870176419,9.911670762227102,0.11476759204784794,0.6481876332622601,0.15625,10325.306286324982,11824.291285967953,9,-1,20,23,9|-1,20|23|9|-1
loose_curve,drive_06,A,CD210,set1,2190.0,21.5,0.7166666666666667,21.53330326297631,20.882674661343515,22.332041838408813,-0.0005784133000289709,0.0005784133000289709,34.0254668117744,-84.4793824360452,2.1115674931326556,5.972414773308718,5.6442901905172835,0.26392392062402775,137.68969313971442,4.757193647889474,4.757411486988818,5.813785837641923,0.1049058422847397,4.673890453899226,0.15532930162134767,0.5488372093023256,0.1171875,12116.81279704304,13866.03879176051,8,-2,24,27,8|-2,24|27|8|-2
loose_curve,drive_06,A,CD210,set1,2220.0,29.7,0.99,23.390106672352772,23.073509766941978,23.719591052838524,6.887563634820615e-05,8.215425576356405e-05,34.02713941052623,-84.4733474859348,1.0615574605929232,3.002537916017709,2.677696981015042,0.14660501544960822,27.534297896218366,2.2265448291901473,2.2262914912450724,2.716609412418885,0.04343513943356446,183.5842177261461,0.13598282688838506,0.6666666666666666,0.1953125,12674.42370553419,14050.927857787947,9,0,25,28,9|0,25|28|9|0
loose_curve,drive_06,A,CD210,set1,2400.0,22.4,0.7466666666666666,23.38968667753187,22.5051721360121,23.84576254534781,-0.00030228615976459806,0.00030228615976459806,34.03712844848633,-84.45502659145839,0.7090519205736926,2.0055016850040133,1.7539097289142567,0.09137618493637993,11.917789447068518,1.4822770591070498,1.4823833200165846,1.817359906540986,0.02878880487879698,1.3353609687652033,0.08165485619399106,0.9084821428571429,0.234375,14367.218248399671,15155.116113897006,9,-1,28,30,9|-1,28|30|9|-1
loose_curve,drive_06,A,CD210,set1,2460.0,22.3,0.7433333333333334,22.5583908283243,22.38640311690098,22.778431356277157,0.0004960629103808866,0.0006330319522457445,34.03362534461323,-84.4434873313347,1.7045954079206842,4.82132388848066,4.83003350923685,0.24771827561337326,129.2351722938119,4.386279170971955,4.386268553950671,4.954864912266292,0.1161277130252438,13.617376760534572,0.10682125160289145,0.8295964125560538,0.1171875,15433.410545465693,14767.883011764465,9,0,30,29,9|0,30|29|9|0
broad_band,drive_01,A,CD210,set1,120.0,30.0,1.0,25.48362321195874,24.871521830895528,25.808466913602594,-0.0002577891917500859,0.0003101315687604294,33.8985089448185,-84.6559522248324,0.9034972275363942,2.5554760654969177,2.1897215332735462,0.13808325221188128,18.009584523291604,1.840586428829133,1.8405832791123546,2.2617307076727897,0.035785174280233964,1.8466414004819935,0.1208843933218543,0.7383333333333333,0.234375,-4197.694951411067,-167.88382154447362,10,-1,-9,-1,10|-1,-9|-1|10|-1
broad_band,drive_01,A,CD210,set1,150.0,30.0,1.0,27.376480698470438,26.592590600664863,27.797270872412163,0.00037457191270905273,0.00037457191270905273,33.89669215267279,-84.6477518311104,0.7198041192794965,2.03591349547417,1.6375254017971705,0.12303413173607004,23.107384315838424,1.4324673660896154,1.4324419290000636,1.6322940003255726,0.029852092435880908,1.4670879740964806,0.11920436854293796,0.915,0.1953125,-3440.0036847624856,-368.7120253313258,10,0,-7,-1,10|0,-7|-1|10|0
broad_band,drive_01,A,CD210,set1,180.0,21.8,0.7266666666666667,23.61139377740308,22.13588445628818,27.172474959778334,-0.0003852442853862349,0.0003852442853862349,33.89802042052601,-84.63786704706266,0.9694415841435277,2.74199487244847,2.391445879636406,0.13000825740406333,24.417214358959935,2.087893807426151,2.087983672885464,2.462120297651448,0.038223946749045,1.88498093192768,0.1354868546824488,0.8325688073394495,0.1953125,-2526.67991037076,-221.8852968366275,9,-1,-6,-1,9|-1,-6|-1|9|-1
broad_band,drive_01,A,CD210,set1,210.0,20.3,0.6766666666666666,21.704948925516383,21.39210743461161,22.1853008820841,-0.0003669671472794785,0.0003669671472794785,33.898933966241145,-84.63283585435326,1.1988419051239096,3.390836962734865,3.1914886348832776,0.14966127162611095,19.519654107493785,2.833425282267142,2.833456038954462,3.2319619915113904,0.049041615601494705,2.466979181002526,0.1279838654890169,0.8817733990147784,0.234375,-2061.8131117797243,-120.90195348550395,8,-1,-5,-1,8|-1,-5|-1|8|-1
broad_band,drive_01,A,CD210,set1,270.0,20.1,0.67,21.463574796638145,20.879969258041328,21.744874366766744,-0.0006073246574338732,0.0006073246574338732,33.901446855476316,-84.62306156454807,1.393309596823053,3.940874656823502,3.6042803681424647,0.1640321890995,30.80734411018082,3.3635291411245802,3.363531081294997,3.7277180735477744,0.06280844561749352,2.9086488621844038,0.13275079836806172,0.945273631840796,0.1953125,-1158.698667016804,156.8728225702138,8,-2,-3,0,8|-2,-3|0|8|-2
broad_band,drive_01,A,CD210,set1,300.0,30.0,1.0,22.494099503499363,22.109950737173758,22.766466723662226,-0.00040298216129630875,0.00040298216129630875,33.90333424244123,-84.61538829150055,0.9309260776129148,2.6330565690539456,2.384576422704616,0.11903743414486362,22.356753365458683,2.140370711160554,2.140406465058993,2.410287233002179,0.04278361854711133,2.765611636303364,0.12095325082668455,0.9766666666666667,0.1953125,-449.7117364124493,365.5045776721357,8,-1,-1,0,8|-1,-1|0|8|-1
broad_band,drive_02,B,CD210,set2,120.0,21.8,0.7266666666666667,27.790497337439827,27.637606827180925,27.90371379492452,0.00036778463853181994,0.00040794675145014816,33.89726994942696,-84.65248769565707,0.5601887813223705,1.5844531440707048,1.1180118408863282,0.08599511584471366,44.86384214123727,1.318623871440896,1.3186486346808808,1.165938792004653,0.026109807631091442,1.3720337337484338,0.1312254670602091,0.9013761467889908,0.1171875,-3877.5830655446834,-304.84237212517496,11,0,-8,-1,11|0,-8|-1|11|0
broad_band,drive_02,B,CD210,set2,150.0,30.0,1.0,27.831904001501357,27.62218538038814,27.906514676116856,0.00016792828833002394,0.00027313308745491804,33.896777086856716,-84.6446538525426,0.5285430962334061,1.494945629983902,1.1934592721039512,0.09163969328994111,26.892354757026332,1.2512116097046746,1.2512120609612079,1.2115324358032558,0.02375182829411522,1.2570652467205201,0.12064798086668065,0.945,0.15625,-3153.759952491075,-359.32340064034577,11,0,-7,-1,11|0,-7|-1|11|0
broad_band,drive_02,B,CD210,set2,180.0,30.0,1.0,27.690816550709947,27.585110959515397,27.82958454193634,-0.00029930570497185014,0.00029930570497185014,33.89839629924716,-84.63572108282375,0.590201059972996,1.6693406870815748,1.2120530119776136,0.09166968007154766,26.90115460281405,1.0588655070253759,1.0588889138140083,1.3586222978100257,0.022098016496143923,1.6259808205781323,0.07971150855068052,0.805,0.15625,-2328.3993865959233,-180.33566300059945,11,-1,-5,-1,11|-1,-5|-1|11|-1
broad_band,drive_02,B,CD210,set2,1140.0,25.1,0.8366666666666667,25.14213208687936,24.998271979091598,26.230601235695097,-1.4917649155297733e-05,0.00029669954861597067,33.89793886540579,-84.59465571871041,1.1546773779791022,3.265920816206902,3.0015431384635463,0.19495273531023213,36.614618355670224,3.1607480962055874,3.1610090284251204,3.02851554956732,0.06092710994332672,3.297898753492181,0.13335372597990025,0.9960159362549801,0.1953125,1465.9144970069408,-230.90039982552668,10,-1,2,-1,10|-1,2|-1|10|-1
broad_band,drive_02,B,CD210,set2,1170.0,24.7,0.8233333333333334,26.233618354452283,25.140151165172973,26.796179847181342,6.983278507359621e-05,0.0003659779075648336,33.89567003009837,-84.58636511795208,2.2211508594449456,6.282363339007397,5.74884783655441,0.3586456797093838,187.1062443612912,5.946238231321295,5.946640193104814,5.938604288124815,0.12649830594622274,8.266689089444872,0.2178871785376959,0.979757085020243,0.1171875,2231.9406175575195,-481.69745470759267,10,0,4,-1,10|0,4|-1|10|0
broad_band,drive_02,B,CD210,set2,1260.0,22.35,0.745,26.997138500213623,25.87973053898125,27.401352802845324,-0.00045334218869221113,0.00045334218869221113,33.89729908832991,-84.59299142617154,2.062871516939902,5.834681753379138,4.774243982646237,0.3453792707064852,180.18512944167315,5.548340713395073,5.548346358153677,5.113689069067677,0.10144214529948194,5.483213018280602,0.17215476961913223,1.0,0.1171875,1619.6900307927276,-301.6213577935632,10,-1,3,-1,10|-1,3|-1|10|-1
broad_band,drive_02,B,CD210,set2,1350.0,30.0,1.0,27.962900191545486,27.61555486312136,28.14209416712266,-0.00033034973397648237,0.00034247324116788724,33.90441528338231,-84.61052112005181,0.8932417266957845,2.52646912874148,2.0461266888892875,0.15336779631370287,45.006929188666035,1.8947011199750443,1.894630174618564,2.3163754576592632,0.04024596645312843,1.7312293877934313,0.09526056783724171,0.8833333333333333,0.15625,0.0,485.00284329921374,11,-1,0,0,11|-1,0|0|11|-1
broad_band,drive_02,B,CD210,set2,1380.0,30.0,1.0,27.79657673149398,27.755713048158093,27.844362880393852,-4.4450136877205374e-05,0.0001970972178470954,33.90266690034427,-84.61944248183494,0.8993532263415375,2.5437550601124044,1.9972377608333298,0.15442860520018842,29.003668164006513,1.958269711913042,1.9582647015822008,2.0890042863047946,0.040350906884311796,13.437724102170641,0.10353699288615058,0.8566666666666667,0.1953125,-824.3065075698627,291.7365822741209,11,-1,-2,0,11|-1,-2|0|11|-1
broad_band,drive_02,B,CD210,set2,1590.0,30.0,1.0,26.658806223981763,25.73177978306495,27.089088654428856,-0.00031412218703062364,0.00031412218703062364,33.89753169383643,-84.64095372071816,0.9036043032651776,2.5557789213926108,1.9542270879239425,0.1362675514125763,25.5927898692647,1.8532255437202159,1.8531436573170261,2.0993209841359834,0.034005294999410615,1.8487377812733232,0.11158223704018469,0.925,0.1953125,-2811.87910336711,-275.9091451030338,10,-1,-6,-1,10|-1,-6|-1|10|-1
broad_band,drive_02,B,CD210,set2,1620.0,30.0,1.0,28.01051259266608,27.878695084597755,28.099241090818445,-0.0009888593923881943,0.0009888593923881943,33.89683892189885,-84.64992418131249,0.6157204555040616,1.7415204376087676,1.3951213640410227,0.10886920923476935,14.199326814007291,1.1828986430215471,1.1828780123641351,1.4307435934527974,0.025437705725321995,1.134241353396929,0.08100943769825567,0.905,0.234375,-3640.722190729699,-352.4881550830773,11,-2,-8,-1,11|-2,-8|-1|11|-2
broad_band,drive_02,B,CD210,set2,1650.0,30.0,1.0,27.49339175094133,27.154554580387316,28.14869899358722,-0.0003380844241418988,0.0003380844241418988,33.89970265854528,-84.65852039210378,0.7040153964550694,1.9912562435724612,1.8031696594896471,0.13670284067978808,13.09925651210123,1.6269609412526804,1.627009107600053,1.8198503536780022,0.0853799928403738,15.050774432436432,0.08126275671293516,0.7716666666666666,0.2734375,-4434.985742412159,-35.93070618644447,10,-1,-9,-1,10|-1,-9|-1|10|-1
broad_band,drive_03,C,OPM7,set1,360.0,30.0,1.0,28.711339200463186,27.029214217600362,30.064999883809783,-0.00037251680907971656,0.00037251680907971656,33.93261297420523,-84.26123126594501,0.5414173326652801,1.53135946951821,1.0758198952181928,0.08436212131987153,8.083819338198952,1.057091507192759,1.057102940582095,1.235165408473764,0.01881696343683059,0.7753652824691096,0.04627267854358801,1.0,0.2734375,32273.312838072157,3601.9755868641287,11,-1,64,7,11|-1,64|7|11|-1
broad_band,drive_03,C,OPM7,set1,390.0,30.0,1.0,28.456195158309107,28.225365595756102,28.73568675942316,-0.0003451443854158195,0.0003451443854158195,33.929108418555344,-84.26937263902225,0.5405089624158592,1.5287902104654354,1.1537518879444384,0.09320007439031498,6.837565071163079,1.063607005831443,1.0636618013736425,1.23312776795507,0.0197056205687126,0.8444402316541558,0.05409880887540915,1.0,0.3125,31521.074898252744,3214.5820053260677,11,-1,63,6,11|-1,63|6|11|-1
broad_band,drive_03,C,OPM7,set1,420.0,21.9,0.73,30.19309117832232,28.922704252657077,30.414796736074727,0.00031445147293388025,0.0004038594570285138,33.92492364182549,-84.27914288968887,0.5577891975413801,1.5776660962164506,1.2438440297471258,0.11035492838922638,6.396934469449022,1.3715899901157744,1.3715595482935603,1.2608590770227823,0.026851317528943264,1.3005926154225387,0.08720039339380427,1.0,0.3515625,30618.333657524403,2751.996785607594,12,0,61,5,12|0,61|5|12|0
broad_band,drive_03,C,OPM7,set1,450.0,22.7,0.7566666666666666,26.8215813381518,26.227471561279074,28.07142275714916,0.0007345699191432934,0.0007345699191432934,33.920559152847005,-84.28358390259021,0.5034971738357058,1.4241050637099582,1.297212174052374,0.09575841351789101,49.95737613191523,1.1363366192638438,1.1363277797333804,1.2602730090422993,0.024119874074684064,1.120682781511663,0.09217221473512659,1.0,0.1171875,30207.99766580393,2269.5461739262473,10,1,60,4,10|1,60|4|10|1
broad_band,drive_03,C,OPM7,set1,540.0,22.15,0.7383333333333333,33.921592154869664,33.54066361312137,34.26941353958789,-0.000298309746088542,0.000298309746088542,33.920352935791016,-84.30457269466476,0.48614289166615304,1.3750197412910958,0.8527900565825364,0.09829080280946087,51.27852922649687,0.9977297739110813,0.997707714169965,0.9471445914706287,0.019274028907604646,0.876738914399839,0.06548663079847401,1.0,0.1171875,28268.697555162875,2246.750940557162,13,-1,56,4,13|-1,56|4|13|-1
broad_band,drive_03,C,OPM7,set1,570.0,30.0,1.0,33.79040561815607,33.541240596211004,33.99012021442384,-0.0002873502501844762,0.0002873502501844762,33.92033004760742,-84.31431441059146,0.3297966893937684,0.9328059019328288,0.5607662352531542,0.06434009084608004,2.0978979814125425,0.6390821551807482,0.6391115121654442,0.6174965033089012,0.010122457835674073,0.48346847930362147,0.034628057514616555,1.0,0.46875,27368.592837016236,2244.2208807427087,13,-1,54,4,13|-1,54|4|13|-1
broad_band,drive_03,C,OPM7,set1,600.0,30.0,1.0,33.31897109554948,32.573771936598774,33.60877954967427,-0.0002200324907448597,0.00024236727865716473,33.920310974121094,-84.32542764228674,0.3749982296549136,1.0606551644877589,0.7738373701877667,0.0838681925867178,10.93855539329648,0.7251182731874175,0.7251178385443117,0.7761178720925268,0.015012821643662142,0.754854074147688,0.04899187469047217,1.0,0.234375,26341.7642620472,2242.1124975639977,13,-1,52,4,13|-1,52|4|13|-1
broad_band,drive_03,C,OPM7,set1,630.0,30.0,1.0,33.132081790305705,32.649326658836536,33.61705773752935,-0.00021360521834453528,0.000244850452413975,33.91875094530113,-84.33605770362216,0.4857934298914061,1.3740313141283398,0.8678136610189188,0.09669809341271883,50.447609211442405,0.8774513422209282,0.8774473952206268,0.9840112333948738,0.01649743054463651,0.7861650548326269,0.03874886945612542,1.0,0.1171875,25359.579148645695,2069.66691180491,13,-1,50,4,13|-1,50|4|13|-1
broad_band,drive_03,C,OPM7,set1,810.0,30.0,1.0,32.079605086767,30.516460958235125,32.37876214411497,6.152382059674672e-05,0.0003280613734839961,33.91572095649528,-84.40304190703581,0.9615797324420726,2.7197581978453425,1.9114143644867188,0.18453549793155494,17.682718303242734,1.7926512852640506,1.7926358870949002,2.064568481550717,0.03546299221073023,1.7183299087531387,0.07439034325674986,1.0,0.2734375,19170.443888745176,1734.7319492063205,12,0,38,3,12|0,38|3|12|0
broad_band,drive_03,C,OPM7,set1,840.0,30.0,1.0,33.66067729188519,30.82587151825428,34.74928854334739,-7.8923266175773e-06,0.00028841238135001997,33.91597366333008,-84.41410450606456,0.5662875097878406,1.601702953088902,1.0869731227454553,0.11891632271514231,11.394901576114593,1.0243932159622098,1.0243997717980018,1.1510263694538385,0.01932282668598975,0.9508148620321919,0.07459293174030496,1.0,0.2734375,18148.29361710358,1762.6661627251306,13,-1,36,3,13|-1,36|3|13|-1
broad_band,drive_03,C,OPM7,set1,870.0,20.65,0.6883333333333332,32.34766006340852,31.541769782968817,32.99745519145005,0.0004181103409854275,0.0004181103409854275,33.91417101710997,-84.42246668160037,0.7063526077250809,1.9978668753248243,1.3345224029731029,0.14069629618034848,18.3503922277696,1.4724616408351847,1.4724534255148078,1.449361019840823,0.026829668140750013,1.3526720805499461,0.1292701811396667,1.0,0.234375,17375.65420630784,1563.4016495545695,12,0,34,3,12|0,34|3|12|0
broad_band,drive_03,C,OPM7,set1,1500.0,30.0,1.0,23.97062343442292,23.528945159984797,24.38809715715882,-0.0008666004598663179,0.0008666004598663179,33.89448165893555,-84.50576707131006,0.6985547238638284,1.9758111290960372,1.6889423380294932,0.09635740327384351,9.23324150432728,1.53176862136377,1.5317686614866066,1.738497525056897,0.028979168125392193,1.1002089118458,0.054909135179267425,0.925,0.2734375,9678.953300096595,-613.0600030463538,9,-2,19,-2,9|-2,19|-2|9|-2
broad_band,drive_03,C,OPM7,set1,1620.0,28.05,0.935,23.86691247687048,22.35172614630531,24.1057895610207,-0.00039731059178380165,0.00039731059178380165,33.89452362060547,-84.52893306582214,0.7553124487486542,2.13634621769916,1.9580412894276604,0.101159272953936,9.693370367520048,2.0889661932650885,2.08897092783165,1.9994371718309392,0.03674360931955984,1.5094413479102724,0.08057025519305923,1.0,0.2734375,7538.486351792552,-608.4215600531898,9,-1,15,-2,9|-1,15|-2|9|-1
broad_band,drive_03,C,OPM7,set1,1770.0,21.3,0.7100000000000001,20.91867631781262,20.63196842693513,21.16930888929219,-0.0004482424523784041,0.0004482424523784041,33.89480209350586,-84.55314366895972,0.5390481908618582,1.5246585245790412,1.272377532908384,0.05439022037882668,7.093874568147318,1.7412097612152546,1.7413635380411325,1.371593854480741,0.02843336983431614,1.0363267569471035,0.06515924123203151,0.9483568075117371,0.234375,5301.500765550832,-577.6391656440101,8,-1,10,-2,8|-1,10|-2|8|-1
broad_band,drive_03,C,OPM7,set1,1800.0,26.25,0.875,20.76344159245491,20.456084909110235,21.4412472981673,-0.0004891438593666923,0.0004891438593666923,33.894866943359375,-84.55876286316855,0.6742390112353885,1.9070359079402244,1.7247690559395785,0.07636430702838647,7.317445937182993,1.7822563717933393,1.782393637845068,1.7974283471577215,0.027749902693777112,1.1458855055483492,0.08865934816963761,0.8419047619047619,0.2734375,4782.304429134746,-570.4706628363929,8,-1,9,-2,8|-1,9|-2|8|-1
broad_band,drive_03,C,OPM7,set1,1830.0,20.7,0.69,20.38189412880579,20.106974630972537,20.691950884115485,-0.00047294832954749086,0.00047294832954749086,33.8950080871582,-84.56688751955576,0.6059538650638067,1.7138963482912637,1.4644761621982652,0.063165959136565,11.8633754134036,1.617889703759992,1.6178883454141724,1.547658652309119,0.02688874651321469,1.0055954337862278,0.053964036063938306,0.9106280193236715,0.1953125,4031.611060279853,-554.8686273139319,8,-1,8,-2,8|-1,8|-2|8|-1
broad_band,drive_03,C,OPM7,set1,1950.0,25.9,0.8633333333333333,23.364111362777955,22.663547793333915,24.076496890038253,-0.0006025761772773079,0.0006025761772773079,33.89669983567194,-84.59153719669165,2.3813992451493573,6.735614219830545,6.166614974655948,0.3455223905309733,180.25979537066274,8.192458345020576,8.19287773473701,6.378068722378783,0.14161131125508772,7.796236652733083,0.17206527988340847,0.9980694980694981,0.1171875,1754.0563812349826,-367.8627466056045,9,-2,3,-1,9|-2,3|-1|9|-2
broad_band,drive_03,C,OPM7,set1,2070.0,24.35,0.8116666666666668,21.497805600033868,21.206855096073618,21.627806840124336,-0.0004714341606686655,0.0004714341606686655,33.904701232910156,-84.60921358302528,0.7149250972825332,2.0221135373157257,2.0676015992467565,0.09554541039705174,28.038516712115886,2.017822261700002,2.017812207343031,2.0789674355299934,0.03216677946239907,1.4837413928623564,0.07372706212384295,0.9075975359342916,0.15625,120.81241698991398,516.6117041069665,8,-1,0,1,8|-1,0|1|8|-1
broad_band,drive_03,C,OPM7,set1,2100.0,30.0,1.0,23.86198718300046,23.20591993636141,24.54070824820505,-0.0004088612645006737,0.0004088612645006737,33.90335725285135,-84.61600664299755,0.819978074859569,2.319248228629967,2.003430237441695,0.11299196476832908,14.73703948416211,2.180791475277951,2.1807925942819955,2.099905036731881,0.03520666612171124,1.6403267225462759,0.07510607455181185,0.94,0.234375,-506.84552106668707,368.04814840655325,9,-1,-2,0,9|-1,-2|0|9|-1
broad_band,drive_03,C,OPM7,set1,2130.0,23.7,0.7899999999999999,22.554762979800053,22.315157533380663,22.6116673056751,-4.076292605244264e-05,0.00018995701203335216,33.90177426290134,-84.6225026772043,0.8356007085417677,2.3634357094966716,2.1044562307610604,0.10741064140714587,20.173092909940728,2.0535929234519377,2.0536161039124226,2.1660994288409396,0.04038491251438445,8.86851553593475,0.09249047626702062,0.8586497890295358,0.1953125,-1107.0591880147433,193.0644393325528,9,-1,-3,0,9|-1,-3|0|9|-1
broad_band,drive_03,C,OPM7,set1,2340.0,30.0,1.0,21.754959272765895,21.107291992947744,23.598942929363794,-0.0007214225356738523,0.0007214225356738523,33.897053292393686,-84.64372290322478,0.6707156007429529,1.8970701981318039,1.655407860490406,0.078319243857462,10.21483068697511,1.7404628619211997,1.740462862008081,1.7675944776821289,0.02949959232426243,1.2323830346021796,0.0673955254552117,0.91,0.234375,-3067.743086506795,-328.7916405836761,8,-2,-7,-1,8|-2,-7|-1|8|-2
broad_band,drive_03,C,OPM7,set1,2370.0,30.0,1.0,22.626227742996672,22.438447722405517,23.135407386720917,-0.001130597955516966,0.001130597955516966,33.897091969122755,-84.6512437177134,0.7373904999307748,2.085655291534357,1.8865166053510056,0.0979074335264182,12.769631155898159,1.794012331313248,1.7940123260768628,1.9227181414009091,0.030664950239589362,1.2559532381683924,0.06832672721343051,0.99,0.234375,-3762.643313164836,-324.5163149523657,9,-3,-8,-1,9|-3,-8|-1|9|-3
broad_band,drive_03,C,OPM7,set1,2400.0,30.0,1.0,23.213957522276456,22.940110209557385,23.58711841957874,-0.00036303864557085035,0.00036303864557085035,33.89961273610141,-84.65820218333275,0.8143865431935979,2.3034329887970575,2.0306777926989725,0.10937079197536212,14.264746020300814,1.9378396363338106,1.9378400530630502,2.102541331812946,0.03125170005454687,2.064882632885167,0.07223124875297604,0.8216666666666667,0.234375,-4405.584226465842,-45.870733131805395,9,-1,-9,-1,9|-1,-9|-1|9|-1
broad_band,drive_04,A,CD210,set1,120.0,22.3,0.7433333333333334,25.21944100448486,25.04229637862685,26.285826239447346,-0.00040316665867662187,0.00040316665867662187,33.89944384922272,-84.6581749212568,0.8219246670607493,2.3247540228126047,1.8398696609745953,0.1189985393830599,22.34944843148476,1.5759898382772612,1.5760036281034542,1.967719929565188,0.031711821315758976,1.57311962165284,0.10931591739492856,0.6390134529147982,0.1953125,-4403.065294137069,-64.53948870219676,10,-1,-9,-1,10|-1,-9|-1|10|-1
broad_band,drive_04,A,CD210,set1,150.0,30.0,1.0,26.46398106512236,26.315944925626777,26.54069698898755,0.00037249763132448993,0.00037249763132448993,33.89671534923918,-84.64898086060248,0.5889560761068593,1.6658193409447224,1.4144401969681426,0.09922891408197478,12.941985988073345,1.2188635832966992,1.2187346827320895,1.4248529200876874,0.024710084856452427,1.2201090902359397,0.0799003684248892,0.885,0.234375,-3553.562245993969,-366.1478768827293,10,0,-8,-1,10|0,-8|-1|10|0
broad_band,drive_04,A,CD210,set1,180.0,28.7,0.9566666666666667,26.336723634635025,26.200839950713576,26.573145354292073,-0.00032049770766223,0.00032049770766223,33.89753675024684,-84.64054490412637,0.714887264033474,2.0220065287278697,1.7599130544070978,0.11033868378287782,14.390983844494787,1.5173802868614936,1.5173405894766614,1.7578429668980424,0.02828562919953752,1.3272942033799688,0.08828277954477595,1.0,0.234375,-2774.1057022648783,-275.3502094956818,10,-1,-6,-1,10|-1,-6|-1|10|-1
broad_band,drive_04,A,CD210,set1,210.0,21.6,0.7200000000000001,21.89514230941618,20.99265439886286,22.70521131052825,-0.00037343900392061864,0.00037343900392061864,33.89878355376989,-84.63366804902108,1.1212101433443136,3.1712611819756207,2.7447546613383564,0.12747321119897148,16.625764057328187,2.4424911725195515,2.442615492249944,2.9977744266175637,0.044964655455423136,2.12251171199494,0.11247727353469118,0.8842592592592593,0.234375,-2138.705350535079,-137.52854805823063,8,-1,-5,-1,8|-1,-5|-1|8|-1
broad_band,drive_04,A,CD210,set1,270.0,28.85,0.9616666666666667,21.063077212668755,20.781661163370515,21.381724257622995,-0.0007520894198688334,0.0007520894198688334,33.9021844897992,-84.62108420643676,1.1638870666005452,3.2919697493142577,2.971721320211327,0.13137093995159607,17.134127485150294,2.4823414554455,2.4824676634139013,3.1126206454073384,0.04873191490070041,2.2303329160349197,0.12878762678972736,0.9410745233968805,0.234375,-975.9968330851776,238.4109206215149,8,-2,-2,0,8|-2,-2|0|8|-2
broad_band,drive_04,A,CD210,set1,300.0,23.0,0.7666666666666667,22.221799441933516,21.54565176669152,22.440419181786915,-0.00033736323589551474,0.00033736323589551474,33.90376293049979,-84.61321083578167,0.8731997208594648,2.4697817757997123,2.28749943161082,0.10955976572595041,32.15113430898353,1.9160265138940027,1.9160768670400452,2.2897961019383066,0.038435070135189715,1.8892579883197054,0.11752299160682327,0.9521739130434783,0.15625,-248.52149632906648,412.8917556648428,8,-1,-1,0,8|-1,-1|0|8|-1
broad_band,drive_04,A,CD210,set1,420.0,21.8,0.7266666666666667,24.4012151806839,23.872239292970736,24.800520168328138,0.00012786556998308488,0.00034651115053044843,33.89644221009427,-84.5911174524151,2.6067877903665044,7.373109294729807,6.919290449402514,0.40205472429393846,117.98597190021167,6.41909028195273,6.4190624435976416,7.037109101612639,0.13414999064882946,6.167498702027491,0.13846235568259452,1.0,0.15625,1792.8394669431573,-396.3406779609586,9,0,3,-1,9|0,3|-1|9|0
broad_band,drive_04,A,CD210,set1,450.0,25.75,0.8583333333333333,22.39392330509206,20.932976834118396,23.742581249127554,-0.00019540406571253317,0.0002912390435548306,33.89538353579552,-84.58503181203761,3.515892623741893,9.944446064686622,9.67048352799626,0.43558964022174346,227.2480787461832,8.980010411782647,8.98023977731032,10.587063614960275,0.2366371268339585,22.13572832012942,0.10432787726572469,0.9378640776699029,0.1171875,2355.134000877003,-513.3665349452446,8,-1,4,-2,8|-1,4|-2|8|-1
broad_band,drive_04,A,CD210,set1,540.0,27.15,0.9049999999999999,24.786541350844765,24.023418624448908,25.35010535725011,-0.0006870123936111305,0.0006870123936111305,33.89755808363298,-84.59370015164096,1.8682313648510636,5.2841562676463445,4.870628357060885,0.2752891595885086,80.78566693795804,4.4268703546265264,4.426846406947394,4.901540597473313,0.09298854531014156,4.246926010116685,0.1077466215296985,0.996316758747698,0.15625,1554.2059678517116,-272.99201699212585,9,-2,3,-1,9|-2,3|-1|9|-2
broad_band,drive_04,A,CD210,set1,660.0,30.0,1.0,24.46544124606364,23.49385313547124,25.458894152496832,-0.00036213095595023434,0.00036213095595023434,33.90438135919724,-84.61077939756387,0.6243940935270833,1.7660531906633121,1.6090687309187666,0.0937617911361455,27.51510027330268,1.458589154146913,1.458561359011799,1.5752999126632585,0.02673615020537908,1.3530204527142362,0.09037208465325741,0.9433333333333334,0.15625,-23.86405115335974,481.25286388098925,9,-1,-1,0,9|-1,-1|0|9|-1
broad_band,drive_04,A,CD210,set1,690.0,24.0,0.8,25.55698120175562,25.09125922521309,25.81664296959517,-0.00016687674264305463,0.0002121202722765249,33.90293526548328,-84.61813923740911,0.7219668235769725,2.042030546971956,1.7406823471463873,0.11047361027044819,20.748357656991594,1.5257894407515227,1.5257088293855987,1.718363371151417,0.03051952664914001,1.5747899789052073,0.08776868684757994,0.9145833333333333,0.1953125,-703.8907137394065,321.4016647399754,10,-1,-2,0,10|-1,-2|0|10|-1
broad_band,drive_04,A,CD210,set1,750.0,22.85,0.7616666666666667,24.27075487442231,23.099081660818864,24.552339933536672,-0.0004669088402184831,0.0004669088402184831,33.899654453013746,-84.62943241987861,0.9449159112727239,2.6726257940480367,2.377775129287632,0.1293997336678653,24.302925814478623,2.1054442982539725,2.1052261663789658,2.3842967784636846,0.04242693272421742,168.47809982270542,0.09615861282061625,0.9212253829321663,0.1953125,-1747.3461891572492,-41.25934564226881,9,-1,-4,-1,9|-1,-4|-1|9|-1
broad_band,drive_04,A,CD210,set1,840.0,25.7,0.8566666666666667,23.195792320802678,22.23737878511868,26.605094743699066,-0.00039992612661188487,0.00039992612661188487,33.89732008568516,-84.64221842916264,0.5741987821078103,1.624079410309958,1.359642413292115,0.07181770508451762,13.488284012354022,1.0558610839842184,1.055998092888643,1.413219088941974,0.022850548572411426,1.1457125642853268,0.06680989512638962,0.9357976653696498,0.1953125,-2928.73429053553,-299.30031014422,9,-1,-6,-1,9|-1,-6|-1|9|-1
broad_band,drive_04,A,CD210,set1,870.0,30.0,1.0,23.79055925610843,23.099254051169435,24.13269238155949,-0.0010686627884271857,0.0010686627884271857,33.89688104886589,-84.65010801151749,0.6209073576618636,1.7561912123652992,1.6100636262080261,0.08899847814201525,11.607675723653253,1.5445834586112948,1.5447360795427223,1.5921392762556856,0.027800105868101107,1.4334693325096912,0.08600869008488052,0.9766666666666667,0.234375,-3657.707538701879,-347.8314401458766,9,-3,-8,-1,9|-3,-8|-1|9|-3
broad_band,drive_04,A,CD210,set1,900.0,30.0,1.0,24.029612795260157,23.482566239800143,24.242640676281667,-0.00028603219462145657,0.00028603219462145657,33.899238696205444,-84.6573412229773,0.9964413870124338,2.8183618472456837,2.4416896682830966,0.1371363645737627,17.88608617950557,2.0217416958278513,2.0216923031464775,2.5730721322357994,0.03740457399824005,1.8199811752392003,0.10530446436007523,0.8816666666666667,0.234375,-4326.034126266756,-87.21710323193179,9,-1,-9,-1,9|-1,-9|-1|9|-1
broad_band,drive_05,C,OPM7,set1,240.0,22.4,0.7466666666666666,28.18150138522205,28.049235478005283,28.326447460895103,0.00029496946731690453,0.00029496946731690453,33.897428870283136,-84.65295136995616,0.4450114444958246,1.258682440434474,0.9743286687651035,0.07755539965781842,22.75921324094986,0.9782060112576018,0.9780808973635774,1.093427586460791,0.017315299269819378,0.9304929358297515,0.06514155251388966,0.9241071428571429,0.15625,-3920.4251508024367,-287.2752606838637,11,0,-8,-1,11|0,-8|-1|11|0
broad_band,drive_05,C,OPM7,set1,270.0,30.0,1.0,28.289035477724163,28.066545947586402,28.367254019031364,0.00022104711508539758,0.00027156798426195754,33.89674531739334,-84.64493935753057,0.44385410139585835,1.2554089798178916,0.9752939812669995,0.0778639184264116,40.621778463427084,0.9023444010457012,0.9023390374908599,0.9971804589664681,0.017599472882657778,0.7056866748302727,0.051310380499118215,0.895,0.1171875,-3180.1397390359507,-362.83519712198,11,0,-7,-1,11|0,-7|-1|11|0
broad_band,drive_05,C,OPM7,set1,300.0,30.0,1.0,28.171357048064003,28.108622909624764,28.342151360477445,-0.0002814251422325914,0.0002814251422325914,33.898373750246705,-84.63585985741162,0.49358579993428287,1.396071464923672,0.9902375482286425,0.07863529116427627,10.256051331725686,0.9699982168603681,0.969998534480916,1.1470676892422862,0.01598133489265388,0.6933468014723605,0.05768474044687533,0.8083333333333333,0.234375,-2341.2217335251557,-182.8282295109267,11,-1,-5,-1,11|-1,-5|-1|11|-1
broad_band,drive_05,C,OPM7,set1,330.0,30.0,1.0,27.903315014511577,26.754343907394308,28.172761012442397,-3.613598463051907e-05,0.00020372963004615553,33.90002770564304,-84.62698778402847,0.9379393745804739,2.65289316843089,1.9367991028710507,0.1441556243654061,75.20630807660739,1.9067350241992986,1.9067350343678926,2.2671377739759087,0.03771043581929289,1.8915817440407638,0.06034807450239349,0.735,0.1171875,-1521.4693231702142,0.0,11,-1,-4,0,11|-1,-4|0|11|-1
broad_band,drive_05,C,OPM7,set1,360.0,27.15,0.9049999999999999,28.238593246396732,28.223007624099097,28.264950005500324,-0.0005297264456399404,0.0005297264456399404,33.90272020873328,-84.61874868166845,0.8111265797492188,2.2942124197652944,1.7861240807199181,0.1424066543703979,74.29386656181836,1.6610509028481713,1.6610669729331489,1.935963203665355,0.03265423107404764,1.5779211512003057,0.10023225704137656,0.9502762430939227,0.1171875,-760.2014969120937,297.6292915948652,11,-2,-2,0,11|-2,-2|0|11|-2
broad_band,drive_05,C,OPM7,set1,390.0,22.45,0.7483333333333333,26.193277399017386,21.93962753212059,28.063817396471578,-0.00022209146075054012,0.00022209146075054012,33.90464401245117,-84.60881113210795,0.743788299679047,2.1037510018810646,1.8553841574961334,0.10661898508622882,31.288140191622503,1.7612483680800388,1.7612496595972271,1.9694707568419547,0.03611273451997725,12.813968304042323,0.1153154988410317,0.8396436525612472,0.15625,157.99764926735742,510.28655457083374,10,-1,0,1,10|-1,0|1|10|-1
broad_band,drive_05,C,OPM7,set1,570.0,24.45,0.815,24.929600462484895,23.780979741825146,25.414417793078975,0.00011300108453201215,0.00032092785988651116,33.896947904975114,-84.59231194764554,2.074053268785312,5.866308523600877,5.597942758368185,0.31499332124444707,18.259190266590306,6.002056766167206,6.002037218355536,5.790555448987852,0.11883445533191336,6.110573957132593,0.14836766271627086,1.0,0.3515625,1682.4717657282713,-340.44116583256607,9,0,3,-1,9|0,3|-1|9|0
broad_band,drive_05,C,OPM7,set1,750.0,30.0,1.0,23.88754804049009,23.563843376328293,24.24709286880371,0.0001422783569396833,0.0001422783569396833,33.8805887507382,-84.5886459350586,2.0630821645986623,5.835277554930941,2.5213405132561952,0.14068652518445376,73.3964713609085,7.055643788737738,7.055816276663623,6.834548363056058,0.062338225153913115,44.01801157379934,0.07556245306996565,0.855,0.1171875,2021.2001017957953,-2148.782075181276,9,0,4,-5,9|0,4|-5|9|0
broad_band,drive_06,A,CD210,set1,150.0,26.15,0.8716666666666666,26.617553258632157,26.214217949307717,26.920811809042352,-8.777206947922236e-05,0.0004734394567363531,33.900631987091614,-84.66118273352271,1.610268294805118,4.55452652314559,4.6389041738810715,0.3257997354578152,95.60837396035471,4.532753798582334,4.532756785033189,5.041434764030852,0.15509874018543132,4.353102368612713,0.08355276968443084,0.7533460803059273,0.15625,-4680.977936243482,66.79727132535106,10,-1,-10,0,10|-1,-10|0|10|-1
broad_band,drive_06,A,CD210,set1,180.0,30.0,1.0,26.031804878945344,25.448611694333252,27.084142654966772,0.00010215407233094871,0.0003249036360145265,33.89774479462032,-84.65395263006013,0.6283920531007189,1.7773611279650217,1.377729109527739,0.09344002534869332,8.953690021752022,1.0892385646760416,1.0891586724861495,1.4538392695468325,0.022737596187691278,1.1100678138027456,0.09661458023161032,0.84,0.2734375,-4012.938518104606,-252.3529844512285,10,0,-9,-1,10|0,-9|-1|10|0
broad_band,drive_06,A,CD210,set1,210.0,30.0,1.0,27.405356769325834,27.21011170324597,27.45258203725572,0.0001995560231690557,0.0002902447622291452,33.896697998046875,-84.64516535419867,0.517636314115649,1.464096591598341,1.2127584470022028,0.09065476499084053,26.603320166460385,1.0701527069671757,1.0701695882682982,1.222138200660284,0.022208934917977638,1.0594932291629013,0.08696052033951733,0.9016666666666666,0.15625,-3201.0211390650466,-368.0658776801428,10,0,-7,-1,10|0,-7|-1|10|0
broad_band,drive_06,A,CD210,set1,240.0,22.8,0.76,27.245628138273723,27.18438230415845,27.305580266307757,-0.00031403296904050344,0.00031403296904050344,33.89806360500193,-84.63740561417197,0.5141799222360667,1.4543204390523778,0.9798213334390006,0.07311010689348088,21.45470876558919,0.9544792789683696,0.9545102966516981,1.1567145690790444,0.01757919604494901,0.9858745235468359,0.09423672536202521,0.7127192982456141,0.15625,-2484.044924384583,-217.1116848683694,10,-1,-5,-1,10|-1,-5|-1|10|-1
broad_band,drive_06,A,CD210,set1,270.0,29.0,0.9666666666666667,27.22779013852911,27.178656926930074,27.321968131449758,-5.725324069381223e-05,0.00020535626037490416,33.899928514157935,-84.62739221155395,0.8256108178081929,2.3351800315725777,1.853593140197505,0.13718619655291378,71.57034217176438,1.7311877229828634,1.7311909855824228,1.95267094051302,0.03612598776250016,1.796245132968843,0.08701934830310074,0.6862068965517242,0.1171875,-1558.8371879871372,-10.964626763575325,10,-1,-4,-1,10|-1,-4|-1|10|-1
broad_band,drive_06,A,CD210,set1,300.0,30.0,1.0,27.342650928424003,27.31530004947082,27.370232108332377,-0.000545760789989881,0.000545760789989881,33.90263161890637,-84.61915644673779,0.8665177108261102,2.4508821973735455,1.9600990886370009,0.14639765219488945,76.37597895419346,1.7459531167178326,1.7459615155214223,2.105166611538471,0.03424631634682777,2.385045622552879,0.10626176400444932,0.96,0.1171875,-797.8777405605455,287.83657212834896,10,-2,-2,0,10|-2,-2|0|10|-2
broad_band,drive_06,A,CD210,set1,330.0,25.6,0.8533333333333334,27.071062132816138,23.410267394762034,27.161806019502027,-0.0002859483092484068,0.0002859483092484068,33.904223064745125,-84.61102014807348,0.6020367127297311,1.7028169683778016,1.3762061169428998,0.08846955966019894,11.538691238195268,1.1008094636685217,1.100785790445738,1.4977543829262634,0.021514400982060793,290.1309716540001,0.07391976951893643,0.921875,0.234375,-46.10866095532381,463.75499514439184,10,-1,-1,0,10|-1,-1|0|10|-1
broad_band,drive_06,A,CD210,set1,750.0,30.0,1.0,22.807837114837763,21.864259343631197,23.51180121112515,-0.0007154062826803026,0.0007154062826803026,33.91475337863129,-84.59076055539053,0.8753522617748094,2.4758700809117986,2.157270752838826,0.11448296953188487,21.501366631062506,1.7436112652120108,1.7436128590080138,2.2862432808234496,0.034721383232099196,2.385661052872404,0.09336210022698349,1.0,0.1953125,1825.8156590358253,1627.775892120996,9,-2,3,3,9|-2,3|3|9|-2
broad_band,drive_06,A,CD210,set1,780.0,24.55,0.8183333333333334,21.585010749394776,21.121278455141823,22.324898825655406,0.00025562243813389765,0.0002704089168288936,33.91722178401017,-84.58477330265976,0.9457752765912852,2.675056446225122,2.5402520503065342,0.12015316725721692,15.671043278584145,2.1789209933554634,2.1789210418932377,2.517785331156894,0.04541369059481926,14.894480230018303,0.08893423431906924,0.9103869653767821,0.234375,2379.019475719991,1900.6334227021139,8,0,4,3,8|0,4|3|8|0
broad_band,drive_06,A,CD210,set1,900.0,30.0,1.0,22.203573003228023,21.88811412714993,22.490995356069796,-0.00044615116711566033,0.00044615116711566033,33.92705486395953,-84.57066019592742,1.206998840203647,3.413908259169187,2.887137985014291,0.1393749074329458,18.178049369723652,2.4171818125728946,2.417332687407719,3.1736753403206266,0.04618299030153313,2.140812907824561,0.1202021511009334,1.0,0.234375,3683.0273171575973,2987.5820803051047,8,-1,7,5,8|-1,7|5|8|-1
broad_band,drive_06,A,CD210,set1,930.0,30.0,1.0,25.337944104072243,22.702828967096572,25.926970773575384,-0.00036814860803567736,0.00036814860803567736,33.930735427623496,-84.56469186447957,0.823391521396271,2.328902913403246,1.9190908456310927,0.10771244926998759,14.048455755966666,1.6193513873038712,1.6193913098957413,2.046150671487207,0.031148217810680966,1.5463876582224616,0.08628521336336603,1.0,0.234375,4234.482865244461,3394.4315877195468,10,-1,8,6,10|-1,8|6|10|-1
broad_band,drive_06,A,CD210,set1,960.0,27.8,0.9266666666666666,21.621878066058684,20.953316733497385,22.808104288022,-0.0002916773617406877,0.0003538700229986344,33.93447783837209,-84.55840105833309,0.9945646395211607,2.8130536037350677,2.487535178672777,0.12013155411456543,15.668224372502769,2.2150419688131793,2.2149632704968503,2.627710134316286,0.04377905911454087,2.0263252207900058,0.13084005272084784,0.7931654676258992,0.234375,4815.7340879237545,3808.1176718690467,8,-1,9,7,8|-1,9|7|8|-1
broad_band,drive_06,A,CD210,set1,1410.0,24.1,0.8033333333333333,24.51586750337952,22.78172450002871,28.51279196266485,-0.0011410738653682639,0.0011410738653682639,33.97708416477974,-84.5495233438054,0.953350009593851,2.6964810265122887,2.2157041512542093,0.15657451584148063,29.406697642055402,1.8661388745741783,1.866108347158208,2.368127310679679,0.03818103946770644,1.6948294008016467,0.0906016015220473,1.0,0.1953125,5636.007722758485,8517.82099297072,9,-3,11,17,9|-3,11|17|9|-3
broad_band,drive_06,A,CD210,set1,1440.0,25.6,0.8533333333333334,28.074572244423152,25.356388819013223,29.102686557681004,-0.00038141770180389234,0.00038141770180389234,33.98214037221091,-84.54472105891773,0.3768575186296626,1.0659140278566805,0.8710980112682746,0.07483032373762716,39.03914540454636,0.5793651762737855,0.5793337566865471,0.8590790950610709,0.014482923786638166,0.6158993829899324,0.07037615313294487,1.0,0.1171875,6079.724139640331,9076.734162411929,11,-1,12,18,11|-1,12|18|11|-1
broad_band,drive_06,A,CD210,set1,1860.0,20.2,0.6733333333333333,20.694815212891694,20.221932315470085,21.132907878096635,-0.0005575820934302761,0.0005575820934302761,33.99467849731445,-84.51804236092664,1.0017180912237214,2.833286620566152,2.513592103427394,0.1068628470132891,20.070210113059094,2.0536193198024772,2.0534274826829804,2.661331324301514,0.040588914978104906,1.9520606483685747,0.145815806692011,0.8316831683168316,0.1953125,8544.754131938795,10462.698511357943,8,-2,17,20,8|-2,17|20|8|-2
broad_band,drive_06,A,CD210,set1,1980.0,27.3,0.91,21.138659304023196,20.686387860186528,21.259285722430906,-0.00037737089431067296,0.00037737089431067296,34.000925109875794,-84.50301360584832,0.9415093032790849,2.662990451595451,2.3341066368426437,0.10250227246128085,13.368915564707875,2.1613878269591744,2.161592333523496,2.4168366016388827,0.042046841043259314,1.8737810820005751,0.17662447540924536,0.8333333333333334,0.234375,9933.36507642117,11153.199063888596,8,-1,19,22,8|-1,19|22|8|-1
broad_band,drive_06,A,CD210,set1,2010.0,23.45,0.7816666666666666,23.00888505453865,22.822412360358882,23.487184548507567,-0.00024945099868050165,0.00024945099868050165,34.00699614499502,-84.4987716772706,0.8197383282457603,2.3185701228044047,2.175763642829148,0.11384125226270689,33.407568619273015,2.0331772544113944,2.0335092712570053,2.1089598048565383,0.03622615824503657,6.726149673039282,0.12573111240605414,0.6481876332622601,0.15625,10325.306286324982,11824.291285967953,9,-1,20,23,9|-1,20|23|9|-1
broad_band,drive_06,A,CD210,set1,2190.0,21.5,0.7166666666666667,21.53330326297631,20.882674661343515,22.332041838408813,-0.0005784133000289709,0.0005784133000289709,34.0254668117744,-84.4793824360452,2.567597314018092,7.262261888394233,6.800752240863019,0.3193571970566346,166.60935606260497,5.743632892461167,5.743869124532928,6.990308294870333,0.12750776103267814,5.657378118591947,0.18179412255390962,0.5488372093023256,0.1171875,12116.81279704304,13866.03879176051,8,-2,24,27,8|-2,24|27|8|-2
broad_band,drive_06,A,CD210,set1,2220.0,29.7,0.99,23.390106672352772,23.073509766941978,23.719591052838524,6.887563634820615e-05,8.215425576356405e-05,34.02713941052623,-84.4733474859348,1.1938201970493496,3.3766334274042222,3.0625407731831635,0.16736480843908247,31.433252667192658,2.5280490015707864,2.5279889498941857,3.117571564996808,0.05126560445673925,171.45346259491438,0.15700862020450043,0.6666666666666666,0.1953125,12674.42370553419,14050.927857787947,9,0,25,28,9|0,25|28|9|0
broad_band,drive_06,A,CD210,set1,2400.0,22.4,0.7466666666666666,23.38968667753187,22.5051721360121,23.84576254534781,-0.00030228615976459806,0.00030228615976459806,34.03712844848633,-84.45502659145839,0.7300084459638956,2.064775689858096,1.7904473132316878,0.09426842766178425,12.295011803803845,1.5617813041016748,1.5619086134558602,1.8606111779389054,0.030398895460823736,1.4550553795558743,0.08535625359494496,0.9084821428571429,0.234375,14367.218248399671,15155.116113897006,9,-1,28,30,9|-1,28|30|9|-1
broad_band,drive_06,A,CD210,set1,2460.0,22.3,0.7433333333333334,22.5583908283243,22.38640311690098,22.778431356277157,0.0004960629103808866,0.0006330319522457445,34.03362534461323,-84.4434873313347,1.8910277687404444,5.348634234753739,5.3637232376044075,0.2746753515602098,143.29873843926717,5.14317432397497,5.143252191042349,5.519717894880885,0.12794862123225983,12.212337491225165,0.11740309824293434,0.8295964125560538,0.1171875,15433.410545465693,14767.883011764465,9,0,30,29,9|0,30|29|9|0
narrow_band,drive_01,A,CD210,set1,120.0,30.0,1.0,25.48362321195874,24.871521830895528,25.808466913602594,-0.0002577891917500859,0.0003101315687604294,33.8985089448185,-84.6559522248324,0.8610979793888649,2.4355528819676016,2.038802844377725,0.12819008580792457,16.719262824598903,1.700383404281949,1.7003860219269018,2.114968532291288,0.032590865483802495,1.5826437947052643,0.10963768382638668,0.7383333333333333,0.234375,-4197.694951411067,-167.88382154447362,10,-1,-9,-1,10|-1,-9|-1|10|-1
narrow_band,drive_01,A,CD210,set1,150.0,30.0,1.0,27.376480698470438,26.592590600664863,27.797270872412163,0.00037457191270905273,0.00037457191270905273,33.89669215267279,-84.6477518311104,0.6725126614230253,1.9021530533041358,1.509426811870617,0.11361711369946849,21.338747826024928,1.3212865492781423,1.3212602224836054,1.5243748701016027,0.027844864559981537,1.3625291737014933,0.10672084858365197,0.915,0.1953125,-3440.0036847624856,-368.7120253313258,10,0,-7,-1,10|0,-7|-1|10|0
narrow_band,drive_01,A,CD210,set1,180.0,21.8,0.7266666666666667,23.61139377740308,22.13588445628818,27.172474959778334,-0.0003852442853862349,0.0003852442853862349,33.89802042052601,-84.63786704706266,0.9429806289630701,2.6671519890693705,2.295724152951273,0.12323808370525545,23.145689105472325,2.0117024266764014,2.0118081501703284,2.397487793133746,0.03723603773103442,1.8499650681375925,0.12894152810373288,0.8325688073394495,0.1953125,-2526.67991037076,-221.8852968366275,9,-1,-6,-1,9|-1,-6|-1|9|-1
narrow_band,drive_01,A,CD210,set1,210.0,20.3,0.6766666666666666,21.704948925516383,21.39210743461161,22.1853008820841,-0.0003669671472794785,0.0003669671472794785,33.898933966241145,-84.63283585435326,1.1897873166264712,3.365226719025295,3.178566017138004,0.1490627740589278,19.441594731352858,2.8071559325820425,2.8071767393504454,3.2006204661530226,0.04841613146465823,2.4731346786058235,0.1301961108207327,0.8817733990147784,0.234375,-2061.8131117797243,-120.90195348550395,8,-1,-5,-1,8|-1,-5|-1|8|-1
narrow_band,drive_01,A,CD210,set1,270.0,20.1,0.67,21.463574796638145,20.879969258041328,21.744874366766744,-0.0006073246574338732,0.0006073246574338732,33.901446855476316,-84.62306156454807,1.2789591311509825,3.617442697989259,3.278367597337124,0.1500127439723691,28.174312918947177,3.0124092631516826,3.0124667970644676,3.41563045916837,0.05679966446781712,2.5123286439688117,0.13711008275229325,0.945273631840796,0.1953125,-1158.698667016804,156.8728225702138,8,-2,-3,0,8|-2,-3|0|8|-2
narrow_band,drive_01,A,CD210,set1,300.0,30.0,1.0,22.494099503499363,22.109950737173758,22.766466723662226,-0.00040298216129630875,0.00040298216129630875,33.90333424244123,-84.61538829150055,0.9053350516312975,2.5606742170174543,2.3117462100706154,0.11539414728167523,21.67249747213361,2.101009382389116,2.101040270228071,2.334219537289774,0.043805163831124844,2.935037869144804,0.11881790688592916,0.9766666666666667,0.1953125,-449.7117364124493,365.5045776721357,8,-1,-1,0,8|-1,-1|0|8|-1
narrow_band,drive_02,B,CD210,set2,120.0,21.8,0.7266666666666667,27.790497337439827,27.637606827180925,27.90371379492452,0.00036778463853181994,0.00040794675145014816,33.89726994942696,-84.65248769565707,0.47548448805948956,1.3448732234235163,0.9557973725767362,0.07362403353671305,9.60245528466051,1.0787426391027026,1.0787714255713998,1.0241046802147884,0.021487105965371112,1.1663258524185898,0.09227494496553881,0.9013761467889908,0.234375,-3877.5830655446834,-304.84237212517496,11,0,-8,-1,11|0,-8|-1|11|0
narrow_band,drive_02,B,CD210,set2,150.0,30.0,1.0,27.831904001501357,27.62218538038814,27.906514676116856,0.00016792828833002394,0.00027313308745491804,33.896777086856716,-84.6446538525426,0.4883625490673449,1.3812978804922706,1.06196983412472,0.08150808136251325,23.91915730915997,1.0137225600099677,1.0137273302620293,1.0940029652774472,0.020511729389566642,1.0442332395258607,0.09329968389047484,0.945,0.15625,-3153.759952491075,-359.32340064034577,11,0,-7,-1,11|0,-7|-1|11|0
narrow_band,drive_02,B,CD210,set2,180.0,30.0,1.0,27.690816550709947,27.585110959515397,27.82958454193634,-0.00029930570497185014,0.00029930570497185014,33.89839629924716,-84.63572108282375,0.4963441875099129,1.4038733631631468,0.9863443245351735,0.07415199633692969,21.76045903083917,1.0285797450988698,1.0285943722300452,1.1625484810677662,0.02255973550785573,2.308316991427379,0.06593951515034409,0.805,0.15625,-2328.3993865959233,-180.33566300059945,11,-1,-5,-1,11|-1,-5|-1|11|-1
narrow_band,drive_02,B,CD210,set2,1140.0,25.1,0.8366666666666667,25.14213208687936,24.998271979091598,26.230601235695097,-1.4917649155297733e-05,0.00029669954861597067,33.89793886540579,-84.59465571871041,0.802146234264583,2.2688121670069585,2.075468679180098,0.13229371816091973,24.84645313443028,2.525291314614566,2.5251716140085003,2.071745200020909,0.043560523283536136,1.9732553115817455,0.12786393961209683,0.9960159362549801,0.1953125,1465.9144970069408,-230.90039982552668,10,-1,2,-1,10|-1,2|-1|10|-1
narrow_band,drive_02,B,CD210,set2,1170.0,24.7,0.8233333333333334,26.233618354452283,25.140151165172973,26.796179847181342,6.983278507359621e-05,0.0003659779075648336,33.89567003009837,-84.58636511795208,0.9013164973932644,2.549308029208338,2.370593897474803,0.14835990333929902,14.21626953974015,2.837297750361975,2.8373561421414353,2.407671211151089,0.05040226850001884,4.703511716621809,0.19010967360788927,0.979757085020243,0.2734375,2231.9406175575195,-481.69745470759267,10,0,4,-1,10|0,4|-1|10|0
narrow_band,drive_02,B,CD210,set2,1260.0,22.35,0.745,26.997138500213623,25.87973053898125,27.401352802845324,-0.00045334218869221113,0.00045334218869221113,33.89729908832991,-84.59299142617154,1.5513550627345996,4.387894739550869,3.6831881863788216,0.2621446212112933,76.9283036440957,3.7725939835422047,3.7726246044674747,3.8645167721573856,0.07295921239273023,3.8106599154105423,0.12487624258173016,1.0,0.15625,1619.6900307927276,-301.6213577935632,10,-1,3,-1,10|-1,3|-1|10|-1
narrow_band,drive_02,B,CD210,set2,1350.0,30.0,1.0,27.962900191545486,27.61555486312136,28.14209416712266,-0.00033034973397648237,0.00034247324116788724,33.90441528338231,-84.61052112005181,0.5083426938818183,1.4378102640418842,0.9747506755514996,0.07042778759062471,20.6675620644779,0.9202474312541281,0.9202383372585247,1.1896633637458813,0.01880729937214133,0.8460469451219971,0.08396772734832979,0.8833333333333333,0.15625,0.0,485.00284329921374,11,-1,0,0,11|-1,0|0|11|-1
narrow_band,drive_02,B,CD210,set2,1380.0,30.0,1.0,27.79657673149398,27.755713048158093,27.844362880393852,-4.4450136877205374e-05,0.0001970972178470954,33.90266690034427,-84.61944248183494,0.7437401502164935,2.1036148146351366,1.5731679793233895,0.121548723660996,22.828405671682862,1.465650605854808,1.465645427139414,1.6700817183410508,0.030107448773457567,15.681090103228383,0.08829523236419512,0.8566666666666667,0.1953125,-824.3065075698627,291.7365822741209,11,-1,-2,0,11|-1,-2|0|11|-1
narrow_band,drive_02,B,CD210,set2,1590.0,30.0,1.0,26.658806223981763,25.73177978306495,27.089088654428856,-0.00031412218703062364,0.00031412218703062364,33.89753169383643,-84.64095372071816,0.869348052928762,2.4588876137489972,1.8916832839270687,0.13210660198394783,24.811310322009128,1.769501547974817,1.7694316891416189,2.0272206213518356,0.03260427588519768,1.7764854827124847,0.10112769987714298,0.925,0.1953125,-2811.87910336711,-275.9091451030338,10,-1,-6,-1,10|-1,-6|-1|10|-1
narrow_band,drive_02,B,CD210,set2,1620.0,30.0,1.0,28.01051259266608,27.878695084597755,28.099241090818445,-0.0009888593923881943,0.0009888593923881943,33.89683892189885,-84.64992418131249,0.5434117700012657,1.537000590177918,1.2018985418856016,0.09382616018747697,12.237328823914163,1.0600310986268524,1.0599940997056019,1.2537956989996588,0.023490304204383815,1.0359095457561995,0.07104979953725227,0.905,0.234375,-3640.722190729699,-352.4881550830773,11,-2,-8,-1,11|-2,-8|-1|11|-2
narrow_band,drive_02,B,CD210,set2,1650.0,30.0,1.0,27.49339175094133,27.154554580387316,28.14869899358722,-0.0003380844241418988,0.0003380844241418988,33.89970265854528,-84.65852039210378,0.5124011173154529,1.4492892189652817,1.337466211558381,0.1007278042190487,9.652025801400317,1.2402300601970715,1.2402219555993148,1.3441231655391117,0.08945948356181847,20.30137201526827,0.06244481437603858,0.7716666666666666,0.2734375,-4434.985742412159,-35.93070618644447,10,-1,-9,-1,10|-1,-9|-1|10|-1
narrow_band,drive_03,C,OPM7,set1,360.0,30.0,1.0,28.711339200463186,27.029214217600362,30.064999883809783,-0.00037251680907971656,0.00037251680907971656,33.93261297420523,-84.26123126594501,0.4250050516593012,1.2020958162673234,0.8408253484748826,0.06546244484743421,6.2727983756712495,0.8254576113612003,0.8254753714201104,0.9672863797657594,0.015639662212711368,0.6228746360538342,0.03546203705696204,1.0,0.2734375,32273.312838072157,3601.9755868641287,11,-1,64,7,11|-1,64|7|11|-1
narrow_band,drive_03,C,OPM7,set1,390.0,30.0,1.0,28.456195158309107,28.225365595756102,28.73568675942316,-0.0003451443854158195,0.0003451443854158195,33.929108418555344,-84.26937263902225,0.3261412880581893,0.9224668656434434,0.6475232154461164,0.05263699967524859,5.043827599666082,0.6197671033771489,0.6197666746784661,0.7265796768302378,0.012258453577678925,0.5066023867179391,0.04222661945745441,1.0,0.2734375,31521.074898252744,3214.5820053260677,11,-1,63,6,11|-1,63|6|11|-1
narrow_band,drive_03,C,OPM7,set1,420.0,21.9,0.73,30.19309117832232,28.922704252657077,30.414796736074727,0.00031445147293388025,0.0004038594570285138,33.92492364182549,-84.27914288968887,0.46230215720491497,1.307587961267059,0.9831734895060269,0.08538344461881439,8.181685452817417,1.1950952329833229,1.1950905169649944,1.0314909913707544,0.022717137777179312,1.1627226966661786,0.062319360233434866,1.0,0.2734375,30618.333657524403,2751.996785607594,12,0,61,5,12|0,61|5|12|0
narrow_band,drive_03,C,OPM7,set1,450.0,22.7,0.7566666666666666,26.8215813381518,26.227471561279074,28.07142275714916,0.0007345699191432934,0.0007345699191432934,33.920559152847005,-84.28358390259021,0.44628542864228027,1.2622858117508058,1.0333452902510043,0.0771796502601086,22.648946764271674,0.9654258871984113,0.9654474111128349,1.0664974098088917,0.018755922883227166,0.9120939351532618,0.05683014156484329,1.0,0.15625,30207.99766580393,2269.5461739262473,10,1,60,4,10|1,60|4|10|1
narrow_band,drive_03,C,OPM7,set1,540.0,22.15,0.7383333333333333,33.921592154869664,33.54066361312137,34.26941353958789,-0.000298309746088542,0.000298309746088542,33.920352935791016,-84.30457269466476,0.3775578035840572,1.0678947328167419,0.627897597287256,0.07193384549634825,9.382011574901279,0.7957687257833964,0.7957539703641285,0.7314989745128307,0.01394323359993088,0.6508940247375571,0.06048052343015883,1.0,0.234375,28268.697555162875,2246.750940557162,13,-1,56,4,13|-1,56|4|13|-1
narrow_band,drive_03,C,OPM7,set1,570.0,30.0,1.0,33.79040561815607,33.541240596211004,33.99012021442384,-0.0002873502501844762,0.0002873502501844762,33.92033004760742,-84.31431441059146,0.2621016709922556,0.7413354756757975,0.4044420963473,0.04655131235670056,8.742932142931197,0.4553682932077425,0.4554105356385358,0.48413288458767606,0.007565134130540067,0.37840840702034095,0.027084962278688902,1.0,0.1953125,27368.592837016236,2244.2208807427087,13,-1,54,4,13|-1,54|4|13|-1
narrow_band,drive_03,C,OPM7,set1,600.0,30.0,1.0,33.31897109554948,32.573771936598774,33.60877954967427,-0.0002200324907448597,0.00024236727865716473,33.920310974121094,-84.32542764228674,0.2855355297664265,0.8076164374701339,0.5343589534908832,0.05814325468934869,7.583366143348961,0.5603980277270609,0.560395875628761,0.5747521730079799,0.011257737463312057,0.5664452107843057,0.04262096469967127,1.0,0.234375,26341.7642620472,2242.1124975639977,13,-1,52,4,13|-1,52|4|13|-1
narrow_band,drive_03,C,OPM7,set1,630.0,30.0,1.0,33.132081790305705,32.649326658836536,33.61705773752935,-0.00021360521834453528,0.000244850452413975,33.91875094530113,-84.33605770362216,0.33598824186743154,0.9503182568936269,0.6077201898524025,0.06803546267557993,19.96551638972967,0.6360838699101099,0.6360819753954098,0.6887050142936945,0.011359790304286261,0.56150056866397,0.03405773807537551,1.0,0.15625,25359.579148645695,2069.66691180491,13,-1,50,4,13|-1,50|4|13|-1
narrow_band,drive_03,C,OPM7,set1,810.0,30.0,1.0,32.079605086767,30.516460958235125,32.37876214411497,6.152382059674672e-05,0.0003280613734839961,33.91572095649528,-84.40304190703581,0.8251038901011428,2.333746223495672,1.6317933947007277,0.15597459943588754,14.945931461430241,1.5114591495315237,1.5114376134091567,1.7732772390681333,0.030415186605518504,1.4437709142448722,0.058344463819112666,1.0,0.2734375,19170.443888745176,1734.7319492063205,12,0,38,3,12|0,38|3|12|0
narrow_band,drive_03,C,OPM7,set1,840.0,30.0,1.0,33.66067729188519,30.82587151825428,34.74928854334739,-7.8923266175773e-06,0.00028841238135001997,33.91597366333008,-84.41410450606456,0.432725990620415,1.2239339294534473,0.8379088274738685,0.08917502979552976,8.545005970301137,0.7960808906215969,0.7960885058344561,0.874746185504834,0.015223248694613663,0.7473297935730916,0.05465539225895818,1.0,0.2734375,18148.29361710358,1762.6661627251306,13,-1,36,3,13|-1,36|3|13|-1
narrow_band,drive_03,C,OPM7,set1,870.0,20.65,0.6883333333333332,32.34766006340852,31.541769782968817,32.99745519145005,0.0004181103409854275,0.0004181103409854275,33.91417101710997,-84.42246668160037,0.7296996857816173,2.063902384183498,1.3372060284689824,0.1423216798560722,18.562383792436744,1.497738799779292,1.497739404287352,1.4921187789817585,0.027193527926212727,1.4104310243559317,0.08867450541663795,1.0,0.234375,17375.65420630784,1563.4016495545695,12,0,34,3,12|0,34|3|12|0
narrow_band,drive_03,C,OPM7,set1,1500.0,30.0,1.0,23.97062343442292,23.528945159984797,24.38809715715882,-0.0008666004598663179,0.0008666004598663179,33.89448165893555,-84.50576707131006,0.5193866769204181,1.4690473652334965,1.2447806035852036,0.07072795640990388,6.7773547278379915,1.121838048682458,1.1218378338168726,1.2896807850972094,0.021672653883562227,0.7450028953708415,0.04506735520163934,0.925,0.2734375,9678.953300096595,-613.0600030463538,9,-2,19,-2,9|-2,19|-2|9|-2
narrow_band,drive_03,C,OPM7,set1,1620.0,28.05,0.935,23.86691247687048,22.35172614630531,24.1057895610207,-0.00039731059178380165,0.00039731059178380165,33.89452362060547,-84.52893306582214,0.6488667837549593,1.8352724115193475,1.6242317419029573,0.08570017300225419,8.21203527085126,1.798311755910506,1.7983169190420212,1.6755208055586683,0.03162726040541682,1.3213804512049494,0.07150213905511255,1.0,0.2734375,7538.486351792552,-608.4215600531898,9,-1,15,-2,9|-1,15|-2|9|-1
narrow_band,drive_03,C,OPM7,set1,1770.0,21.3,0.7100000000000001,20.91867631781262,20.63196842693513,21.16930888929219,-0.0004482424523784041,0.0004482424523784041,33.89480209350586,-84.55314366895972,0.5019903004241324,1.419842982079105,1.224481119666041,0.053184891311038034,6.936668857990586,1.648280617766564,1.6483354426026586,1.3300982447722884,0.026816026538317835,0.9663050497476268,0.05418330410210544,0.9483568075117371,0.234375,5301.500765550832,-577.6391656440101,8,-1,10,-2,8|-1,10|-2|8|-1
narrow_band,drive_03,C,OPM7,set1,1800.0,26.25,0.875,20.76344159245491,20.456084909110235,21.4412472981673,-0.0004891438593666923,0.0004891438593666923,33.894866943359375,-84.55876286316855,0.5680171440296511,1.6065950974943286,1.5130862817752062,0.06698850189880977,6.4190295195791816,1.5104880709236346,1.5105437652346014,1.542919159890039,0.023123791134492738,0.9686223212739676,0.06745494854682407,0.8419047619047619,0.2734375,4782.304429134746,-570.4706628363929,8,-1,9,-2,8|-1,9|-2|8|-1
narrow_band,drive_03,C,OPM7,set1,1830.0,20.7,0.69,20.38189412880579,20.106974630972537,20.691950884115485,-0.00047294832954749086,0.00047294832954749086,33.8950080871582,-84.56688751955576,0.559480803557061,1.582450680555586,1.3876114393872998,0.05999241888923663,11.2673439455333,1.4979886921050447,1.4980102646838196,1.4300363095212152,0.02489571071120777,0.9508487837774366,0.04189000995139896,0.9106280193236715,0.1953125,4031.611060279853,-554.8686273139319,8,-1,8,-2,8|-1,8|-2|8|-1
narrow_band,drive_03,C,OPM7,set1,1950.0,25.9,0.8633333333333333,23.364111362777955,22.663547793333915,24.076496890038253,-0.0006025761772773079,0.0006025761772773079,33.89669983567194,-84.59153719669165,1.8443519053205317,5.216614956585909,4.8919141760025795,0.272281515230298,79.90305116132005,5.272021435645884,5.272331037608187,4.911639594114405,0.09460325644286377,5.331752117438369,0.11020727626679327,0.9980694980694981,0.15625,1754.0563812349826,-367.8627466056045,9,-2,3,-1,9|-2,3|-1|9|-2
narrow_band,drive_03,C,OPM7,set1,2070.0,24.35,0.8116666666666668,21.497805600033868,21.206855096073618,21.627806840124336,-0.0004714341606686655,0.0004714341606686655,33.904701232910156,-84.60921358302528,0.6601026712799312,1.8670523005655753,1.850841941510216,0.08544753568611757,25.07521970326117,1.7860458239067458,1.7860448680723733,1.9339415139171292,0.030594133663923127,1.3291303096900104,0.060958656747200676,0.9075975359342916,0.15625,120.81241698991398,516.6117041069665,8,-1,0,1,8|-1,0|1|8|-1
narrow_band,drive_03,C,OPM7,set1,2100.0,30.0,1.0,23.86198718300046,23.20591993636141,24.54070824820505,-0.0004088612645006737,0.0004088612645006737,33.90335725285135,-84.61600664299755,0.7214731784805323,2.040634307791187,1.7729620635237962,0.10077147343898411,13.143175145174204,1.8686237803724985,1.8686248671006842,1.8277604641364718,0.03079469145741126,1.23099688859316,0.06875634161253713,0.94,0.234375,-506.84552106668707,368.04814840655325,9,-1,-2,0,9|-1,-2|0|9|-1
narrow_band,drive_03,C,OPM7,set1,2130.0,23.7,0.7899999999999999,22.554762979800053,22.315157533380663,22.6116673056751,-4.076292605244264e-05,0.00018995701203335216,33.90177426290134,-84.6225026772043,0.6576032657620615,1.8599829142030926,1.5531673382047353,0.07745832016829504,14.547663703821767,1.7924474425912862,1.7924564378233143,1.6643223236580993,0.030752301546933633,10.167463570245925,0.0843727887960911,0.8586497890295358,0.1953125,-1107.0591880147433,193.0644393325528,9,-1,-3,0,9|-1,-3|0|9|-1
narrow_band,drive_03,C,OPM7,set1,2340.0,30.0,1.0,21.754959272765895,21.107291992947744,23.598942929363794,-0.0007214225356738523,0.0007214225356738523,33.897053292393686,-84.64372290322478,0.5775902767979018,1.6336720058848455,1.4432871791571271,0.06826574575086296,8.903597637309376,1.5350933901866581,1.5350933901321158,1.5375146606548447,0.025640191868228857,1.0492040974579624,0.06181831575386659,0.91,0.234375,-3067.743086506795,-328.7916405836761,8,-2,-7,-1,8|-2,-7|-1|8|-2
narrow_band,drive_03,C,OPM7,set1,2370.0,30.0,1.0,22.626227742996672,22.438447722405517,23.135407386720917,-0.001130597955516966,0.001130597955516966,33.897091969122755,-84.6512437177134,0.5340125515532644,1.5104155857681765,1.3405727141317667,0.06944023216755331,9.056780677642076,1.3055463043586104,1.3055463008195283,1.3663823062810403,0.024094408770158615,0.8872668999090034,0.056352948511804855,0.99,0.234375,-3762.643313164836,-324.5163149523657,9,-3,-8,-1,9|-3,-8|-1|9|-3
narrow_band,drive_03,C,OPM7,set1,2400.0,30.0,1.0,23.213957522276456,22.940110209557385,23.58711841957874,-0.00036303864557085035,0.00036303864557085035,33.89961273610141,-84.65820218333275,0.6756648479270925,1.9110687831144981,1.7077830459055676,0.09076841012909329,11.838520081757217,1.6132532826753854,1.6132593664182013,1.7776071312868607,0.02880817558538991,2.9837056279727663,0.06176100341053768,0.8216666666666667,0.234375,-4405.584226465842,-45.870733131805395,9,-1,-9,-1,9|-1,-9|-1|9|-1
narrow_band,drive_04,A,CD210,set1,120.0,22.3,0.7433333333333334,25.21944100448486,25.04229637862685,26.285826239447346,-0.00040316665867662187,0.00040316665867662187,33.89944384922272,-84.6581749212568,0.8333966014645172,2.357201553253531,1.8881141270406914,0.12249885902587407,23.006853251378914,1.644730297369822,1.6447847848848076,2.02380679812734,0.033139394231054345,1.6391611437601756,0.1046767490520077,0.6390134529147982,0.1953125,-4403.065294137069,-64.53948870219676,10,-1,-9,-1,10|-1,-9|-1|10|-1
narrow_band,drive_04,A,CD210,set1,150.0,30.0,1.0,26.46398106512236,26.315944925626777,26.54069698898755,0.00037249763132448993,0.00037249763132448993,33.89671534923918,-84.64898086060248,0.5158390781597139,1.4590132406710048,1.2185970088052247,0.08566879953780766,11.173400550543503,1.0428814677211138,1.0427332668115898,1.2510744485827063,0.02207699435909532,1.0375072759268893,0.07375514291133453,0.885,0.234375,-3553.562245993969,-366.1478768827293,10,0,-8,-1,10|0,-8|-1|10|0
narrow_band,drive_04,A,CD210,set1,180.0,28.7,0.9566666666666667,26.336723634635025,26.200839950713576,26.573145354292073,-0.00032049770766223,0.00032049770766223,33.89753675024684,-84.64054490412637,0.6660993194007909,1.8840133827681733,1.6193832000831356,0.10007484622804948,13.052317155985907,1.3974243923850276,1.3974051343730927,1.6166548408048513,0.026324003629499403,1.2505079869768172,0.08218761967017829,1.0,0.234375,-2774.1057022648783,-275.3502094956818,10,-1,-6,-1,10|-1,-6|-1|10|-1
narrow_band,drive_04,A,CD210,set1,210.0,21.6,0.7200000000000001,21.89514230941618,20.99265439886286,22.70521131052825,-0.00037343900392061864,0.00037343900392061864,33.89878355376989,-84.63366804902108,1.0861411659891773,3.0720711351872434,2.6767257065155046,0.12503066913283298,16.30719415774096,2.372917219249187,2.3730261404320214,2.910190007155887,0.043614898357210365,2.063056313728416,0.10741089924819411,0.8842592592592593,0.234375,-2138.705350535079,-137.52854805823063,8,-1,-5,-1,8|-1,-5|-1|8|-1
narrow_band,drive_04,A,CD210,set1,270.0,28.85,0.9616666666666667,21.063077212668755,20.781661163370515,21.381724257622995,-0.0007520894198688334,0.0007520894198688334,33.9021844897992,-84.62108420643676,1.1213232946509901,3.171581222200625,2.844351925755505,0.125498656138699,16.368231621755886,2.3952694891861084,2.3954382321800898,3.003494204483944,0.04725814145264782,2.1629039866731143,0.11472295294127664,0.9410745233968805,0.234375,-975.9968330851776,238.4109206215149,8,-2,-2,0,8|-2,-2|0|8|-2
narrow_band,drive_04,A,CD210,set1,300.0,23.0,0.7666666666666667,22.221799441933516,21.54565176669152,22.440419181786915,-0.00033736323589551474,0.00033736323589551474,33.90376293049979,-84.61321083578167,0.8801012143342428,2.489302147145033,2.265206004079862,0.10926841436866244,32.06563506975824,1.9745932066158862,1.9746094889309243,2.2933528072864187,0.03927828425474005,1.9397238245068982,0.10906346229862027,0.9521739130434783,0.15625,-248.52149632906648,412.8917556648428,8,-1,-1,0,8|-1,-1|0|8|-1
narrow_band,drive_04,A,CD210,set1,420.0,21.8,0.7266666666666667,24.4012151806839,23.872239292970736,24.800520168328138,0.00012786556998308488,0.00034651115053044843,33.89644221009427,-84.5911174524151,1.7355715230717934,4.908937572793319,4.434970159457607,0.25916556259437373,76.05407656746526,4.16956390585888,4.169627089544219,4.543628735096585,0.0866368178472287,3.796174222558251,0.11612158821183687,1.0,0.15625,1792.8394669431573,-396.3406779609586,9,0,3,-1,9|0,3|-1|9|0
narrow_band,drive_04,A,CD210,set1,450.0,25.75,0.8583333333333333,22.39392330509206,20.932976834118396,23.742581249127554,-0.00019540406571253317,0.0002912390435548306,33.89538353579552,-84.58503181203761,3.026678670441443,8.560740049367313,8.210398419182736,0.365373477577307,47.6540378474031,7.589644744246772,7.5896597712238725,9.482718710476105,0.16283842333226528,18.12277328620701,0.0749282457977077,0.9378640776699029,0.234375,2355.134000877003,-513.3665349452446,8,-1,4,-2,8|-1,4|-2|8|-1
narrow_band,drive_04,A,CD210,set1,540.0,27.15,0.9049999999999999,24.786541350844765,24.023418624448908,25.35010535725011,-0.0006870123936111305,0.0006870123936111305,33.89755808363298,-84.59370015164096,0.8631233199698887,2.441281410203818,2.2928888317699063,0.1320478154914674,38.75042104136642,1.9796521550463,1.979634751202891,2.2847971800344267,0.04370462147377061,2.240899714474515,0.08106803382737454,0.996316758747698,0.15625,1554.2059678517116,-272.99201699212585,9,-2,3,-1,9|-2,3|-1|9|-2
narrow_band,drive_04,A,CD210,set1,660.0,30.0,1.0,24.46544124606364,23.49385313547124,25.458894152496832,-0.00036213095595023434,0.00036213095595023434,33.90438135919724,-84.61077939756387,0.5561858630394108,1.573131181421039,1.3854225672840523,0.08163524084307006,23.956473211680873,1.2907968283348812,1.290765290483998,1.390053398449801,0.024414319777844928,1.1931064025328726,0.07939836759664669,0.9433333333333334,0.15625,-23.86405115335974,481.25286388098925,9,-1,-1,0,9|-1,-1|0|9|-1
narrow_band,drive_04,A,CD210,set1,690.0,24.0,0.8,25.55698120175562,25.09125922521309,25.81664296959517,-0.00016687674264305463,0.0002121202722765249,33.90293526548328,-84.61813923740911,0.5482337483305859,1.5506392044795057,1.2719719388527577,0.08367168684705267,15.714613473900775,1.262809281178617,1.262769306090535,1.3052554986296492,0.023267803176799485,1.234015219283365,0.07794996324043672,0.9145833333333333,0.1953125,-703.8907137394065,321.4016647399754,10,-1,-2,0,10|-1,-2|0|10|-1
narrow_band,drive_04,A,CD210,set1,750.0,22.85,0.7616666666666667,24.27075487442231,23.099081660818864,24.552339933536672,-0.0004669088402184831,0.0004669088402184831,33.899654453013746,-84.62943241987861,0.7653879659758258,2.16484408392034,1.9140602990967948,0.10393916539389347,19.52110529276863,1.6903975331269963,1.6903463846880968,1.9247023518345623,0.03370505412152155,130.85667116122676,0.09153794361257728,0.9212253829321663,0.1953125,-1747.3461891572492,-41.25934564226881,9,-1,-4,-1,9|-1,-4|-1|9|-1
narrow_band,drive_04,A,CD210,set1,840.0,25.7,0.8566666666666667,23.195792320802678,22.23737878511868,26.605094743699066,-0.00039992612661188487,0.00039992612661188487,33.89732008568516,-84.64221842916264,0.5087328119647782,1.4389136846095818,1.239017284325737,0.0657707742254692,12.352593018971163,1.0104117158264252,1.0105267473050508,1.2857717831796336,0.021311847635915166,1.0097795025665202,0.05629534032003282,0.9357976653696498,0.1953125,-2928.73429053553,-299.30031014422,9,-1,-6,-1,9|-1,-6|-1|9|-1
narrow_band,drive_04,A,CD210,set1,870.0,30.0,1.0,23.79055925610843,23.099254051169435,24.13269238155949,-0.0010686627884271857,0.0010686627884271857,33.89688104886589,-84.65010801151749,0.5894071431329558,1.6670951511564125,1.520697762928234,0.08327117272484977,10.860688747688386,1.3886170812381744,1.3887472966744077,1.4991777187334407,0.02501679991071121,1.2821497615103912,0.0650415829561387,0.9766666666666667,0.234375,-3657.707538701879,-347.8314401458766,9,-3,-8,-1,9|-3,-8|-1|9|-3
narrow_band,drive_04,A,CD210,set1,900.0,30.0,1.0,24.029612795260157,23.482566239800143,24.242640676281667,-0.00028603219462145657,0.00028603219462145657,33.899238696205444,-84.6573412229773,0.8523624597935598,2.4108451013954886,2.084792972074463,0.1167254100046235,15.22397614352578,1.7234738687059385,1.723433987925673,2.201573025509204,0.03194981625416935,1.7916142530659027,0.09357756410083584,0.8816666666666667,0.234375,-4326.034126266756,-87.21710323193179,9,-1,-9,-1,9|-1,-9|-1|9|-1
narrow_band,drive_05,C,OPM7,set1,240.0,22.4,0.7466666666666666,28.18150138522205,28.049235478005283,28.326447460895103,0.00029496946731690453,0.00029496946731690453,33.897428870283136,-84.65295136995616,0.38335781673363856,1.0842996473329023,0.8108685739765884,0.06445949029619286,18.9161204961452,0.8349863511102361,0.8348733832443574,0.9479628144420763,0.015899159932578125,0.8201845727388944,0.0706043748839632,0.9241071428571429,0.15625,-3920.4251508024367,-287.2752606838637,11,0,-8,-1,11|0,-8|-1|11|0
narrow_band,drive_05,C,OPM7,set1,270.0,30.0,1.0,28.289035477724163,28.066545947586402,28.367254019031364,0.00022104711508539758,0.00027156798426195754,33.89674531739334,-84.64493935753057,0.3164674972595562,0.8951052533494694,0.6739294438243087,0.053844126925633416,5.159497979424886,0.6649366573169642,0.6649454069191459,0.7045991221821004,0.012314550900753115,0.5014493488977737,0.035937590210280895,0.895,0.2734375,-3180.1397390359507,-362.83519712198,11,0,-7,-1,11|0,-7|-1|11|0
narrow_band,drive_05,C,OPM7,set1,300.0,30.0,1.0,28.171357048064003,28.108622909624764,28.342151360477445,-0.0002814251422325914,0.0002814251422325914,33.898373750246705,-84.63585985741162,0.3812206823690562,1.0782549185268904,0.7332708774902206,0.058130249228697264,7.581669898952089,0.7057791939092309,0.7057805504215009,0.8759521221596198,0.013094681310645678,0.5200719443498111,0.042810849461097485,0.8083333333333333,0.234375,-2341.2217335251557,-182.8282295109267,11,-1,-5,-1,11|-1,-5|-1|11|-1
narrow_band,drive_05,C,OPM7,set1,330.0,30.0,1.0,27.903315014511577,26.754343907394308,28.172761012442397,-3.613598463051907e-05,0.00020372963004615553,33.90002770564304,-84.62698778402847,0.717916528506627,2.0305745825317656,1.372544018227241,0.09976938856602462,29.278074760903262,1.3947849342907082,1.3947849602488405,1.6936510513554224,0.02794149441531447,1.3231080808030813,0.04730683965030183,0.735,0.15625,-1521.4693231702142,0.0,11,-1,-4,0,11|-1,-4|0|11|-1
narrow_band,drive_05,C,OPM7,set1,360.0,27.15,0.9049999999999999,28.238593246396732,28.223007624099097,28.264950005500324,-0.0005297264456399404,0.0005297264456399404,33.90272020873328,-84.61874868166845,0.47618581235366075,1.3468568680803936,1.0161962396699407,0.0809449364447525,23.753898212753754,1.0463750259790587,1.04639938454384,1.138627257231327,0.019111008978611028,0.9284024517751202,0.06908779533006143,0.9502762430939227,0.15625,-760.2014969120937,297.6292915948652,11,-2,-2,0,11|-2,-2|0|11|-2
narrow_band,drive_05,C,OPM7,set1,390.0,22.45,0.7483333333333333,26.193277399017386,21.93962753212059,28.063817396471578,-0.00022209146075054012,0.00022209146075054012,33.90464401245117,-84.60881113210795,0.5590035415694554,1.5811007798042322,1.441025575645752,0.07811156741639466,22.922424837705545,1.096929486063813,1.096932473075568,1.5145942023808394,0.024783624571581998,15.442767463723548,0.08723518239452645,0.8396436525612472,0.15625,157.99764926735742,510.28655457083374,10,-1,0,1,10|-1,0|1|10|-1
narrow_band,drive_05,C,OPM7,set1,570.0,24.45,0.815,24.929600462484895,23.780979741825146,25.414417793078975,0.00011300108453201215,0.00032092785988651116,33.896947904975114,-84.59231194764554,1.2471405282644772,3.5274460985135403,3.2242139125768396,0.18419916459651198,54.05462526598194,3.5006713722918494,3.500624814589908,3.37578862008128,0.06745707670628767,3.530303072974303,0.12840615439151715,1.0,0.15625,1682.4717657282713,-340.44116583256607,9,0,3,-1,9|0,3|-1|9|0
narrow_band,drive_05,C,OPM7,set1,750.0,30.0,1.0,23.88754804049009,23.563843376328293,24.24709286880371,0.0001422783569396833,0.0001422783569396833,33.8805887507382,-84.5886459350586,1.389685661868407,3.930624620899465,1.2905297501920854,0.06888256803473133,20.214105805702523,4.459236628246789,4.459451710399767,4.686087048389719,0.03137935628211363,20.818848100831786,0.06275964611443156,0.855,0.15625,2021.2001017957953,-2148.782075181276,9,0,4,-5,9|0,4|-5|9|0
narrow_band,drive_06,A,CD210,set1,150.0,26.15,0.8716666666666666,26.617553258632157,26.214217949307717,26.920811809042352,-8.777206947922236e-05,0.0004734394567363531,33.900631987091614,-84.66118273352271,1.254339948314482,3.547809133465415,3.153472218414358,0.22165460169064308,65.04620397770837,3.616574482706082,3.616588542541981,4.129387168526947,0.15874482082639169,3.996706712746719,0.04563359717882855,0.7533460803059273,0.15625,-4680.977936243482,66.79727132535106,10,-1,-10,0,10|-1,-10|0|10|-1
narrow_band,drive_06,A,CD210,set1,180.0,30.0,1.0,26.031804878945344,25.448611694333252,27.084142654966772,0.00010215407233094871,0.0003249036360145265,33.89774479462032,-84.65395263006013,0.519072970251445,1.4681600687817595,1.0921177641613817,0.07549459924602628,7.2341080542607745,0.8583519841171335,0.8582638006203671,1.1872524621863232,0.018840376550518068,0.8865030953484554,0.06670535895127314,0.84,0.2734375,-4012.938518104606,-252.3529844512285,10,0,-9,-1,10|0,-9|-1|10|0
narrow_band,drive_06,A,CD210,set1,210.0,30.0,1.0,27.405356769325834,27.21011170324597,27.45258203725572,0.0001995560231690557,0.0002902447622291452,33.896697998046875,-84.64516535419867,0.4465524255213635,1.2630409929658275,0.9918472156184747,0.07411428866670287,21.749393432424384,0.8837200550650012,0.8837567654118542,0.9988693452051406,0.019403734332314255,0.9031089448902592,0.0744365275545642,0.9016666666666666,0.15625,-3201.0211390650466,-368.0658776801428,10,0,-7,-1,10|0,-7|-1|10|0
narrow_band,drive_06,A,CD210,set1,240.0,22.8,0.76,27.245628138273723,27.18438230415845,27.305580266307757,-0.00031403296904050344,0.00031403296904050344,33.89806360500193,-84.63740561417197,0.5469765841067901,1.547083407088661,1.0547944352120295,0.07902690392752322,23.1910371965602,1.1502304091384892,1.150276394947349,1.243104923968818,0.01980934827128409,1.182414662544308,0.06549607720136327,0.7127192982456141,0.15625,-2484.044924384583,-217.1116848683694,10,-1,-5,-1,10|-1,-5|-1|10|-1
narrow_band,drive_06,A,CD210,set1,270.0,29.0,0.9666666666666667,27.22779013852911,27.178656926930074,27.321968131449758,-5.725324069381223e-05,0.00020535626037490416,33.899928514157935,-84.62739221155395,0.6509641271353986,1.841204594426489,1.3243690644091282,0.09796665248161036,28.749048346967392,1.2860698715828984,1.2860689487280004,1.4954651152030054,0.026412305898529026,1.3202129769504896,0.06877649965137356,0.6862068965517242,0.15625,-1558.8371879871372,-10.964626763575325,10,-1,-4,-1,10|-1,-4|-1|10|-1
narrow_band,drive_06,A,CD210,set1,300.0,30.0,1.0,27.342650928424003,27.31530004947082,27.370232108332377,-0.000545760789989881,0.000545760789989881,33.90263161890637,-84.61915644673779,0.6752335137376033,1.9098487857931166,1.4718516434281257,0.10982814590991645,20.627131190558856,1.3237767210483133,1.3237462634895019,1.6439456471440144,0.025095363251145933,4.289252336828515,0.08776442278165296,0.96,0.1953125,-797.8777405605455,287.83657212834896,10,-2,-2,0,10|-2,-2|0|10|-2
narrow_band,drive_06,A,CD210,set1,330.0,25.6,0.8533333333333334,27.071062132816138,23.410267394762034,27.161806019502027,-0.0002859483092484068,0.0002859483092484068,33.904223064745125,-84.61102014807348,0.5342683608608962,1.5111391237526448,1.0498502302675567,0.06907267370574295,9.008841662017883,1.0575282773483738,1.0575500820582726,1.3103601597923962,0.0195103695348996,330.8865765284129,0.06829866722774322,0.921875,0.234375,-46.10866095532381,463.75499514439184,10,-1,-1,0,10|-1,-1|0|10|-1
narrow_band,drive_06,A,CD210,set1,750.0,30.0,1.0,22.807837114837763,21.864259343631197,23.51180121112515,-0.0007154062826803026,0.0007154062826803026,33.91475337863129,-84.59076055539053,0.8084918050044732,2.2867601514096596,1.9652782481206899,0.10327816539647401,19.39696103493045,1.5836197975206128,1.5836295427659945,2.098269847000056,0.031766122905909,4.222023107545477,0.08805283160462854,1.0,0.1953125,1825.8156590358253,1627.775892120996,9,-2,3,3,9|-2,3|3|9|-2
narrow_band,drive_06,A,CD210,set1,780.0,24.55,0.8183333333333334,21.585010749394776,21.121278455141823,22.324898825655406,0.00025562243813389765,0.0002704089168288936,33.91722178401017,-84.58477330265976,0.8639902507192067,2.4437334606504657,2.2394098033392402,0.10601184539201425,13.826653554827873,1.851860334700917,1.8518600870498352,2.2550385506352355,0.039548113807663245,26.12491802906421,0.08227204225460155,0.9103869653767821,0.234375,2379.019475719991,1900.6334227021139,8,0,4,3,8|0,4|3|8|0
narrow_band,drive_06,A,CD210,set1,900.0,30.0,1.0,22.203573003228023,21.88811412714993,22.490995356069796,-0.00044615116711566033,0.00044615116711566033,33.92705486395953,-84.57066019592742,1.1723649931731832,3.3159489467939136,2.8169483425825463,0.13659235579172432,17.815133533296894,2.36479112125814,2.3649437240365567,3.0867605416655386,0.04524540875322046,2.0748101373278427,0.11762302697316715,1.0,0.234375,3683.0273171575973,2987.5820803051047,8,-1,7,5,8|-1,7|5|8|-1
narrow_band,drive_06,A,CD210,set1,930.0,30.0,1.0,25.337944104072243,22.702828967096572,25.926970773575384,-0.00036814860803567736,0.00036814860803567736,33.930735427623496,-84.56469186447957,0.8097280032029824,2.2902566479258857,1.875486376518024,0.10555878603874956,13.76756303815777,1.5582199186054824,1.5582417649834623,1.9911726411065305,0.030196591343225523,1.4971870422678029,0.08347601983306187,1.0,0.234375,4234.482865244461,3394.4315877195468,10,-1,8,6,10|-1,8|6|10|-1
narrow_band,drive_06,A,CD210,set1,960.0,27.8,0.9266666666666666,21.621878066058684,20.953316733497385,22.808104288022,-0.0002916773617406877,0.0003538700229986344,33.93447783837209,-84.55840105833309,0.8702308799687007,2.4613846256952194,2.1096029812110952,0.10325133136360246,13.466611986237583,1.8270671703854076,1.8269926509529553,2.277022345828936,0.03495514968642724,1.6133277603537872,0.10250329772249327,0.7931654676258992,0.234375,4815.7340879237545,3808.1176718690467,8,-1,9,7,8|-1,9|7|8|-1
narrow_band,drive_06,A,CD210,set1,1410.0,24.1,0.8033333333333333,24.51586750337952,22.78172450002871,28.51279196266485,-0.0011410738653682639,0.0011410738653682639,33.97708416477974,-84.5495233438054,0.7309427231548922,2.067418224807142,1.7074017973746332,0.12037368257090807,22.60771791884197,1.423454739866893,1.4234423289458698,1.8103018513672917,0.029400955418610042,1.2421263540051732,0.0710729540467106,1.0,0.1953125,5636.007722758485,8517.82099297072,9,-3,11,17,9|-3,11|17|9|-3
narrow_band,drive_06,A,CD210,set1,1440.0,25.6,0.8533333333333334,28.074572244423152,25.356388819013223,29.102686557681004,-0.00038141770180389234,0.00038141770180389234,33.98214037221091,-84.54472105891773,0.3366052660387966,0.9520634647965399,0.7680112621512808,0.06490351661978823,19.046423348401643,0.5877397123246717,0.5876925648297442,0.7657524419502703,0.012196055386824615,0.4813671683035765,0.04229719371733042,1.0,0.15625,6079.724139640331,9076.734162411929,11,-1,12,18,11|-1,12|18|11|-1
narrow_band,drive_06,A,CD210,set1,1860.0,20.2,0.6733333333333333,20.694815212891694,20.221932315470085,21.132907878096635,-0.0005575820934302761,0.0005575820934302761,33.99467849731445,-84.51804236092664,0.9710590130729402,2.7465696523047693,2.4084769048496275,0.1032492618166857,19.3915325727887,2.039417713643513,2.039331728637084,2.533202800272597,0.04091948674825544,3.3205163613865443,0.11483366029720579,0.8316831683168316,0.1953125,8544.754131938795,10462.698511357943,8,-2,17,20,8|-2,17|20|8|-2
narrow_band,drive_06,A,CD210,set1,1980.0,27.3,0.91,21.138659304023196,20.686387860186528,21.259285722430906,-0.00037737089431067296,0.00037737089431067296,34.000925109875794,-84.50301360584832,0.8645826100810301,2.4454089059370445,2.07567334065507,0.09293018640508935,12.120470947914812,2.1030358818109893,2.103363368365263,2.2307779821456246,0.04120741042713971,1.9153998875704947,0.13368225907888437,0.8333333333333334,0.234375,9933.36507642117,11153.199063888596,8,-1,19,22,8|-1,19|22|8|-1
narrow_band,drive_06,A,CD210,set1,2010.0,23.45,0.7816666666666666,23.00888505453865,22.822412360358882,23.487184548507567,-0.00024945099868050165,0.00024945099868050165,34.00699614499502,-84.4987716772706,0.6768089839582534,1.9143048884994331,1.7664905450882675,0.09235162679418381,27.101276979178827,1.7395674435515243,1.7397576785607085,1.7381031926276533,0.03127369740068423,10.86527309351037,0.11182300053215238,0.6481876332622601,0.15625,10325.306286324982,11824.291285967953,9,-1,20,23,9|-1,20|23|9|-1
narrow_band,drive_06,A,CD210,set1,2190.0,21.5,0.7166666666666667,21.53330326297631,20.882674661343515,22.332041838408813,-0.0005784133000289709,0.0005784133000289709,34.0254668117744,-84.4793824360452,1.7123953161862635,4.843385360589557,4.537126076957925,0.2131696876771497,62.55624237327801,3.8355418080363064,3.835755433314759,4.701342316731393,0.08382549994651153,3.45133163525235,0.13643164562270846,0.5488372093023256,0.15625,12116.81279704304,13866.03879176051,8,-2,24,27,8|-2,24|27|8|-2
narrow_band,drive_06,A,CD210,set1,2220.0,29.7,0.99,23.390106672352772,23.073509766941978,23.719591052838524,6.887563634820615e-05,8.215425576356405e-05,34.02713941052623,-84.4733474859348,0.9023388642055302,2.552199719231591,2.2398905614188034,0.12311459212310673,23.12249580611534,1.818037614185816,1.8177447425738558,2.3008952674742664,0.03416794132468848,215.5475284840472,0.11505027479578674,0.6666666666666666,0.1953125,12674.42370553419,14050.927857787947,9,0,25,28,9|0,25|28|9|0
narrow_band,drive_06,A,CD210,set1,2400.0,22.4,0.7466666666666666,23.38968667753187,22.5051721360121,23.84576254534781,-0.00030228615976459806,0.00030228615976459806,34.03712844848633,-84.45502659145839,0.7233926143339722,2.0460632922232667,1.7681907506873993,0.09140749474384913,11.921873046020542,1.458215883919182,1.4582704524040417,1.8766707010113286,0.028259635347081594,1.4002004463633257,0.07824972306294445,0.9084821428571429,0.234375,14367.218248399671,15155.116113897006,9,-1,28,30,9|-1,28|30|9|-1
narrow_band,drive_06,A,CD210,set1,2460.0,22.3,0.7433333333333334,22.5583908283243,22.38640311690098,22.778431356277157,0.0004960629103808866,0.0006330319522457445,34.03362534461323,-84.4434873313347,1.3785795603557291,3.8992118221308223,4.026182830046116,0.2062809178636042,60.53468124605745,3.4713008634254994,3.4713794414661887,4.069770390636021,0.1136828323137197,14.828050525299139,0.08471611431834894,0.8295964125560538,0.15625,15433.410545465693,14767.883011764465,9,0,30,29,9|0,30|29|9|0
lower_speed,drive_01,A,CD210,set1,120.0,30.0,1.0,25.48362321195874,24.871521830895528,25.808466913602594,-0.0002577891917500859,0.0003101315687604294,33.8985089448185,-84.6559522248324,0.8727324724136627,2.4684601976216096,2.083670213547692,0.13118289928467275,17.109602177189156,1.7328002943758016,1.7328054503693033,2.1595244095730606,0.03373499784678873,1.7151491729802153,0.11317752821978193,0.7383333333333333,0.234375,-4197.694951411067,-167.88382154447362,10,-1,-9,-1,10|-1,-9|-1|10|-1
lower_speed,drive_01,A,CD210,set1,150.0,30.0,1.0,27.376480698470438,26.592590600664863,27.797270872412163,0.00037457191270905273,0.00037457191270905273,33.89669215267279,-84.6477518311104,0.7062278226958981,1.9975139299635214,1.598327369728597,0.12001426710095701,22.54021509441409,1.39390496814653,1.3938849380229978,1.5996250708938302,0.029304142762987238,1.4321283959025444,0.1119285882283463,0.915,0.1953125,-3440.0036847624856,-368.7120253313258,10,0,-7,-1,10|0,-7|-1|10|0
lower_speed,drive_01,A,CD210,set1,180.0,21.8,0.7266666666666667,23.61139377740308,22.13588445628818,27.172474959778334,-0.0003852442853862349,0.0003852442853862349,33.89802042052601,-84.63786704706266,0.9410800536273335,2.6617763502371496,2.3164902753447505,0.12554490597125376,23.57893984570678,2.0284495846101755,2.0285647891899843,2.40335188992924,0.03747956754174908,1.8456469208575756,0.130095930617951,0.8325688073394495,0.1953125,-2526.67991037076,-221.8852968366275,9,-1,-6,-1,9|-1,-6|-1|9|-1
lower_speed,drive_01,A,CD210,set1,210.0,23.4,0.7799999999999999,21.62099857137327,21.246399366022395,22.059011050857748,-0.00037135392569028955,0.00037135392569028955,33.89900070443493,-84.63247737982542,1.2608238033732873,3.566148244986663,3.3475503881498314,0.14654621949547786,19.11337171087835,3.308334356536419,3.3083502811463856,3.4498228652289504,0.05515434053805043,2.6188453204641715,0.13281908423305566,0.8974358974358975,0.234375,-2028.6911632159877,-113.52471354425248,8,-1,-5,-1,8|-1,-5|-1|8|-1
lower_speed,drive_01,A,CD210,set1,270.0,22.05,0.735,21.35751365360461,20.609629259271138,21.718967930967455,-0.0005597580926665047,0.0005597580926665047,33.90136870023476,-84.62327273136641,1.2610140430039254,3.5666863239181614,3.2384043659436617,0.1477796900316873,27.754916814165274,3.0127784375969435,3.0128037293581578,3.365605430451955,0.056421332110844345,2.545285083094997,0.1257325839504434,0.8639455782312925,0.1953125,-1178.209834344947,148.23354216892412,8,-2,-3,0,8|-2,-3|0|8|-2
lower_speed,drive_01,A,CD210,set1,300.0,30.0,1.0,22.494099503499363,22.109950737173758,22.766466723662226,-0.00040298216129630875,0.00040298216129630875,33.90333424244123,-84.61538829150055,0.9235084309734178,2.6120762960970096,2.342505678301696,0.11704989872598826,21.983468780789003,2.157367705508668,2.1574019633564525,2.3884496522700256,0.04028556758733909,2.3906899311050154,0.11838336895955338,0.9766666666666667,0.1953125,-449.7117364124493,365.5045776721357,8,-1,-1,0,8|-1,-1|0|8|-1
lower_speed,drive_02,B,CD210,set2,120.0,21.8,0.7266666666666667,27.790497337439827,27.637606827180925,27.90371379492452,0.00036778463853181994,0.00040794675145014816,33.89726994942696,-84.65248769565707,0.5208020848863776,1.4730507435169982,1.0309172367139814,0.07934138057414696,41.39257373376949,1.2665723672606748,1.2666029956387752,1.0994435606581714,0.024951164163690986,1.3164357169829617,0.10467280511804578,0.9013761467889908,0.1171875,-3877.5830655446834,-304.84237212517496,11,0,-8,-1,11|0,-8|-1|11|0
lower_speed,drive_02,B,CD210,set2,150.0,30.0,1.0,27.831904001501357,27.62218538038814,27.906514676116856,0.00016792828833002394,0.00027313308745491804,33.896777086856716,-84.6446538525426,0.5068971674411765,1.433721697847635,1.125662748968462,0.08634648096344713,25.33902193171923,1.1312028300133612,1.131206979654075,1.1482340416827674,0.022219619692256512,1.1448862946701281,0.10437932031721127,0.945,0.15625,-3153.759952491075,-359.32340064034577,11,0,-7,-1,11|0,-7|-1|11|0
lower_speed,drive_02,B,CD210,set2,180.0,30.0,1.0,27.690816550709947,27.585110959515397,27.82958454193634,-0.00029930570497185014,0.00029930570497185014,33.89839629924716,-84.63572108282375,0.5682120248265338,1.6071463036263238,1.147361774344838,0.08645336578315796,25.370388083073646,1.1400887712341419,1.1401144417130875,1.344410604804078,0.025698680005927732,2.075661413464092,0.07288079723883167,0.805,0.15625,-2328.3993865959233,-180.33566300059945,11,-1,-5,-1,11|-1,-5|-1|11|-1
lower_speed,drive_02,B,CD210,set2,660.0,21.8,0.7266666666666667,27.05949764045257,25.40786045198584,27.55477047834497,-0.0003210919997456269,0.0003210919997456269,33.903684122779154,-84.61388026383051,0.6452871178601943,1.8251475874050656,1.5788621036380643,0.08629228584175998,16.206795498953003,1.5888267006204169,1.5888454518608937,1.706389737571391,0.029526818730481734,1.479263885679445,0.09383204808729487,0.8738532110091743,0.1953125,-310.37459795425,404.18035022598986,10,-1,-1,0,10|-1,-1|0|10|-1
lower_speed,drive_02,B,CD210,set2,1140.0,25.1,0.8366666666666667,25.14213208687936,24.998271979091598,26.230601235695097,-1.4917649155297733e-05,0.00029669954861597067,33.89793886540579,-84.59465571871041,0.8507330522940119,2.4062364410265022,2.2247135015579356,0.14273583143674012,26.807615627546497,2.5256278880505016,2.5255607454035185,2.2090114581575797,0.04596706601565426,2.2192319178346587,0.12975338623064156,0.9960159362549801,0.1953125,1465.9144970069408,-230.90039982552668,10,-1,2,-1,10|-1,2|-1|10|-1
lower_speed,drive_02,B,CD210,set2,1170.0,26.5,0.8833333333333333,26.072713365968568,24.388290456272372,26.76873511235122,6.620981168959229e-05,0.0003479717819035355,33.895616582077004,-84.58610183621202,1.700209132194888,4.808917627241202,4.605451987537245,0.2707486246905078,141.25015634616108,4.295630617480189,4.295891035017371,4.699399172197557,0.07787829327749471,3.951528768408972,0.20089905277984563,0.9811320754716981,0.1171875,2256.267044052981,-487.6055989896945,10,0,4,-1,10|0,4|-1|10|0
lower_speed,drive_02,B,CD210,set2,1260.0,22.35,0.745,26.997138500213623,25.87973053898125,27.401352802845324,-0.00045334218869221113,0.00045334218869221113,33.89729908832991,-84.59299142617154,1.6980478359396385,4.802804558288242,3.9180784212599127,0.2771270580125848,144.57779911818557,4.495657193248064,4.495565496970648,4.1753506089759584,0.08376196566792726,4.387658654095482,0.16131386061485675,1.0,0.1171875,1619.6900307927276,-301.6213577935632,10,-1,3,-1,10|-1,3|-1|10|-1
lower_speed,drive_02,B,CD210,set2,1350.0,30.0,1.0,27.962900191545486,27.61555486312136,28.14209416712266,-0.00033034973397648237,0.00034247324116788724,33.90441528338231,-84.61052112005181,0.6169859296524867,1.745099739015838,1.2213005120051372,0.08851258611980513,25.974681722957282,1.120185506241843,1.1201747917801854,1.4938206493901987,0.02306067201807629,1.0242560950892954,0.08787077177028248,0.8833333333333333,0.15625,0.0,485.00284329921374,11,-1,0,0,11|-1,0|0|11|-1
lower_speed,drive_02,B,CD210,set2,1380.0,30.0,1.0,27.79657673149398,27.755713048158093,27.844362880393852,-4.4450136877205374e-05,0.0001970972178470954,33.90266690034427,-84.61944248183494,0.800975484349857,2.2655007861918532,1.712604632738698,0.13239550115741291,24.865569283612615,1.615503123788619,1.615496297882766,1.812116670794926,0.03365068734779678,14.225566501036788,0.09226985202316793,0.8566666666666667,0.1953125,-824.3065075698627,291.7365822741209,11,-1,-2,0,11|-1,-2|0|11|-1
lower_speed,drive_02,B,CD210,set2,1500.0,23.55,0.785,21.380691516399384,19.38809108797993,23.01090920328633,-0.0004157724221902171,0.0004157724221902171,33.899410247802734,-84.63080488002886,1.039493955637849,2.940132900135805,2.5419078874101957,0.11236332637273659,21.10327052228558,2.532650851768528,2.5326587922076045,2.807094847551654,0.05044303137760126,482.69759241919417,0.10711473401438498,0.8938428874734607,0.1953125,-1874.1573039549648,-68.2537896674475,8,-1,-4,-1,8|-1,-4|-1|8|-1
lower_speed,drive_02,B,CD210,set2,1590.0,30.0,1.0,26.658806223981763,25.73177978306495,27.089088654428856,-0.00031412218703062364,0.00031412218703062364,33.89753169383643,-84.64095372071816,0.884118838989439,2.500665705696839,1.916736716974924,0.13389392886118967,25.146993180641,1.8001665319598001,1.8000910624590516,2.0587531910119456,0.03322205695477014,1.8166047663442604,0.10642881420063832,0.925,0.1953125,-2811.87910336711,-275.9091451030338,10,-1,-6,-1,10|-1,-6|-1|10|-1
lower_speed,drive_02,B,CD210,set2,1620.0,30.0,1.0,28.01051259266608,27.878695084597755,28.099241090818445,-0.0009888593923881943,0.0009888593923881943,33.89683892189885,-84.64992418131249,0.5752798319768173,1.6271370810826609,1.2762214739022173,0.09960847584203744,12.991490540509353,1.109094970498639,1.1090599255487132,1.3282506886782017,0.0243665086028872,1.0750244607913786,0.07507094294664443,0.905,0.234375,-3640.722190729699,-352.4881550830773,11,-2,-8,-1,11|-2,-8|-1|11|-2
lower_speed,drive_02,B,CD210,set2,1650.0,30.0,1.0,27.49339175094133,27.154554580387316,28.14869899358722,-0.0003380844241418988,0.0003380844241418988,33.89970265854528,-84.65852039210378,0.739736467201132,2.092290688995602,1.9523670167995586,0.14623858765988937,14.012999014493209,1.58566703929724,1.5857138358960867,1.9396771648803508,0.08576346301012308,15.570923350383566,0.0727288791990127,0.7716666666666666,0.2734375,-4434.985742412159,-35.93070618644447,10,-1,-9,-1,10|-1,-9|-1|10|-1
lower_speed,drive_03,C,OPM7,set1,360.0,30.0,1.0,28.711339200463186,27.029214217600362,30.064999883809783,-0.00037251680907971656,0.00037251680907971656,33.93261297420523,-84.26123126594501,0.4893401102035891,1.3840628409261213,0.9601359070207045,0.0738862200502108,7.079988567423884,0.9461456966272874,0.9461542067177158,1.117322646701874,0.01748499982548655,0.7042364409318728,0.04088615603166946,1.0,0.2734375,32273.312838072157,3601.9755868641287,11,-1,64,7,11|-1,64|7|11|-1
lower_speed,drive_03,C,OPM7,set1,390.0,30.0,1.0,28.456195158309107,28.225365595756102,28.73568675942316,-0.0003451443854158195,0.0003451443854158195,33.929108418555344,-84.26937263902225,0.44534049913949597,1.2596131475141579,0.9255137470488831,0.07496646827344314,5.499867981094832,0.8493872483432212,0.8493897988967898,1.0120715329352499,0.01636343348837518,0.6764298866191661,0.045732757760679636,1.0,0.3125,31521.074898252744,3214.5820053260677,11,-1,63,6,11|-1,63|6|11|-1
lower_speed,drive_03,C,OPM7,set1,420.0,21.9,0.73,30.19309117832232,28.922704252657077,30.414796736074727,0.00031445147293388025,0.0004038594570285138,33.92492364182549,-84.27914288968887,0.48181440214234145,1.3627769241127674,1.0116524196928565,0.08814936488384627,8.446723829953559,1.2531562614654979,1.2531342306806772,1.0665811184294391,0.023703593532450187,1.1945934363566895,0.0693604564175693,1.0,0.2734375,30618.333657524403,2751.996785607594,12,0,61,5,12|0,61|5|12|0
lower_speed,drive_03,C,OPM7,set1,450.0,22.7,0.7566666666666666,26.8215813381518,26.227471561279074,28.07142275714916,0.0007345699191432934,0.0007345699191432934,33.920559152847005,-84.28358390259021,0.5084329092799662,1.4380654317210755,1.3009603040099773,0.09560626663511657,49.87800076665147,1.1730489652834168,1.1730882162499183,1.3482633162112145,0.028507814069067907,1.5483749384666023,0.06977073746476245,1.0,0.1171875,30207.99766580393,2269.5461739262473,10,1,60,4,10|1,60|4|10|1
lower_speed,drive_03,C,OPM7,set1,540.0,22.15,0.7383333333333333,33.921592154869664,33.54066361312137,34.26941353958789,-0.000298309746088542,0.000298309746088542,33.920352935791016,-84.30457269466476,0.44711872046427725,1.2646427169429713,0.7451120314605982,0.08578663199170916,44.75507565399769,0.9161913849737342,0.916175971699745,0.8531945447664444,0.017308973308342746,0.7987356088954506,0.06528940475911761,1.0,0.1171875,28268.697555162875,2246.750940557162,13,-1,56,4,13|-1,56|4|13|-1
lower_speed,drive_03,C,OPM7,set1,570.0,30.0,1.0,33.79040561815607,33.541240596211004,33.99012021442384,-0.0002873502501844762,0.0002873502501844762,33.92033004760742,-84.31431441059146,0.28270903965279787,0.7996219161649197,0.4380902371450318,0.05038047132701462,9.46209719644087,0.5095360021540022,0.5095656349298519,0.5251876199050652,0.00842020598005963,0.412359140662323,0.030789068579366204,1.0,0.1953125,27368.592837016236,2244.2208807427087,13,-1,54,4,13|-1,54|4|13|-1
lower_speed,drive_03,C,OPM7,set1,600.0,30.0,1.0,33.31897109554948,32.573771936598774,33.60877954967427,-0.0002200324907448597,0.00024236727865716473,33.920310974121094,-84.32542764228674,0.312862218693185,0.884907985660079,0.6036852766479606,0.06564430662682329,8.561694990023716,0.6033980419947577,0.6033974153297935,0.6318653754565476,0.012665009886483804,0.6313896154368349,0.0446445258192083,1.0,0.234375,26341.7642620472,2242.1124975639977,13,-1,52,4,13|-1,52|4|13|-1
lower_speed,drive_03,C,OPM7,set1,630.0,30.0,1.0,33.132081790305705,32.649326658836536,33.61705773752935,-0.00021360521834453528,0.000244850452413975,33.91875094530113,-84.33605770362216,0.39777784214217543,1.1250856383379373,0.7082968687478812,0.07923942373888737,41.339382627305184,0.7215548511095454,0.7215517669692051,0.8115159959123607,0.013705637378311082,0.6498605964902265,0.03573120156766981,1.0,0.1171875,25359.579148645695,2069.66691180491,13,-1,50,4,13|-1,50|4|13|-1
lower_speed,drive_03,C,OPM7,set1,810.0,30.0,1.0,32.079605086767,30.516460958235125,32.37876214411497,6.152382059674672e-05,0.0003280613734839961,33.91572095649528,-84.40304190703581,0.8857894046304007,2.505390778869404,1.7682749500880626,0.1705614516955478,16.343685293781032,1.6514820034275544,1.6514653898713763,1.9136911059646053,0.03310213575601936,1.5866951787355468,0.06688576163376543,1.0,0.2734375,19170.443888745176,1734.7319492063205,12,0,38,3,12|0,38|3|12|0
lower_speed,drive_03,C,OPM7,set1,840.0,30.0,1.0,33.66067729188519,30.82587151825428,34.74928854334739,-7.8923266175773e-06,0.00028841238135001997,33.91597366333008,-84.41410450606456,0.5167343232776362,1.461545376245833,0.9845146505858666,0.10679186212023868,10.233101143777358,0.9399349774647364,0.939941826156504,1.0411864018310841,0.01769372899644371,0.8662177190964734,0.06514710439231386,1.0,0.2734375,18148.29361710358,1762.6661627251306,13,-1,36,3,13|-1,36|3|13|-1
lower_speed,drive_03,C,OPM7,set1,870.0,20.65,0.6883333333333332,32.34766006340852,31.541769782968817,32.99745519145005,0.0004181103409854275,0.0004181103409854275,33.91417101710997,-84.42246668160037,0.7141138361071333,2.019818944201971,1.3215473236921806,0.14033707795288625,18.303540991822018,1.4923148808791438,1.492315062131055,1.468207372733609,0.026825172331604422,1.3888823571970594,0.10897379594482244,1.0,0.234375,17375.65420630784,1563.4016495545695,12,0,34,3,12|0,34|3|12|0
lower_speed,drive_03,C,OPM7,set1,1110.0,29.95,0.9983333333333333,17.833027574610202,16.95537953409884,18.174253150030633,-0.0007125643413154907,0.0007125643413154907,33.89586642209221,-84.45199579351089,1.3005185557885777,3.6784219594281544,3.5998623857835046,0.11486195591344117,14.98093411328068,3.753921148741197,3.753937031316969,3.6794842427514256,0.05784524969274429,1.9965422453351676,0.11042114336220152,1.0,0.234375,14647.25469709317,-459.9882837086264,7,-2,29,-1,7|-2,29|-1|7|-2
lower_speed,drive_03,C,OPM7,set1,1410.0,22.0,0.7333333333333333,17.661299273726485,17.277678567865173,18.174827547379973,-0.00039263929597652727,0.00039263929597652727,33.900970506579796,-84.49121847170369,1.0602060219248177,2.9987154702314087,2.96827573181747,0.09638720453144904,50.28541779445612,2.6544083521096855,2.6544086703914163,2.9859051944193444,0.049743012390414995,1.7543450157690423,0.09959726241422054,0.8522727272727273,0.1171875,11023.19934942131,104.21721554893765,7,-1,22,0,7|-1,22|0|7|-1
lower_speed,drive_03,C,OPM7,set1,1470.0,30.0,1.0,21.333094389149636,17.6975439904436,22.355969253825336,-0.0009510302900700982,0.0009510302900700982,33.89646289285559,-84.49862771469813,1.017356336701376,2.8775182582585903,2.6171882617637126,0.107104165558445,13.969120016536383,2.5729400669437417,2.572940066707707,2.762912948352072,0.04421039194850842,1.6218472874915657,0.0716218498074478,0.5916666666666667,0.234375,10338.60798714318,-394.05440552498317,8,-2,20,-1,8|-2,20|-1|8|-2
lower_speed,drive_03,C,OPM7,set1,1500.0,30.0,1.0,23.97062343442292,23.528945159984797,24.38809715715882,-0.0008666004598663179,0.0008666004598663179,33.89448165893555,-84.50576707131006,0.6171442902502281,1.745547650425981,1.487569611608019,0.0844306769043302,8.0903885300438,1.3192858630611175,1.3192859297941555,1.5304798213050272,0.02570309375947822,0.9213584336000558,0.04932623120822339,0.925,0.2734375,9678.953300096595,-613.0600030463538,9,-2,19,-2,9|-2,19|-2|9|-2
lower_speed,drive_03,C,OPM7,set1,1530.0,30.0,1.0,23.340648526365452,19.18986498351608,23.79510690946502,-0.0004429450657530274,0.0004429450657530274,33.89449691772461,-84.51369914096074,0.7714132029117052,2.181886027502804,1.9358548271665161,0.08591152078407746,8.232287218752267,1.9526517524140337,1.9526238003886816,1.9846302900008528,0.032693940796251486,1.1707285700875247,0.055205971553687394,0.92,0.2734375,8946.054355910694,-611.3732965033851,9,-1,17,-2,9|-1,17|-2|9|-1
lower_speed,drive_03,C,OPM7,set1,1590.0,22.15,0.7383333333333333,18.494252333274254,17.960227707856234,18.95001151500604,-0.0009183083632251415,0.0009183083632251415,33.894412994384766,-84.52269449553539,1.284281845252659,3.63249760693171,3.560852762130697,0.1187368396308133,34.84421542068244,3.211641824517685,3.2116418497800727,3.606669884089453,0.0547683180464562,3.4796888671872,0.1040684116846848,0.8216704288939052,0.15625,8114.911141002623,-620.6501824897132,7,-2,16,-2,7|-2,16|-2|7|-2
lower_speed,drive_03,C,OPM7,set1,1620.0,30.0,1.0,23.775787121709666,21.98067902402658,24.086937288389393,-0.0003945199552861024,0.0003945199552861024,33.894518482101546,-84.52867461464979,0.6927413640783535,1.9593684645928913,1.759584049287189,0.09106770352757229,8.726367371325827,1.9730911146156966,1.9730967868570002,1.8111940478526292,0.034048278373838954,1.4065530252055651,0.07720437594630417,1.0,0.2734375,7562.366448625513,-608.989570276817,9,-1,15,-2,9|-1,15|-2|9|-1
lower_speed,drive_03,C,OPM7,set1,1740.0,24.25,0.8083333333333333,20.361469394781373,18.301739012153405,20.785269699162907,-0.00045418104802044494,0.00045418104802044494,33.89467239379883,-84.54608255433448,0.9412969460607598,2.6623898146790044,2.354648716554922,0.08852868380842324,11.546402537920303,2.5789798799031596,2.579030108064736,2.592249983057449,0.04362822688077791,1.3455153662527728,0.08367399027969732,0.931958762886598,0.234375,5953.9261326395845,-591.9761712592444,8,-1,11,-2,8|-1,11|-2|8|-1
lower_speed,drive_03,C,OPM7,set1,1770.0,30.0,1.0,20.700227552338653,19.71645744196712,21.076657846684995,-0.0004663484266943539,0.0004663484266943539,33.89479446411133,-84.5522217796287,0.7230744206298197,2.0451633045195186,1.8631173295968035,0.07254631019797475,9.461892622275148,2.0200145904368445,2.019929663967192,1.957411192245352,0.03363700206304975,1.141793146793348,0.06329507763122028,0.9,0.234375,5386.6805165010155,-578.4825189154944,8,-1,10,-2,8|-1,10|-2|8|-1
lower_speed,drive_03,C,OPM7,set1,1800.0,30.0,1.0,20.65221636844111,20.276463763918535,21.352118283935955,-0.0005103735646765793,0.0005103735646765793,33.894866943359375,-84.55918615130787,0.6955323568406594,1.9672625842267675,1.8007923648663329,0.07708036417931818,7.386060577893716,1.7696738662565807,1.7697031324642956,1.8757024951972285,0.027935720831094385,1.195616592522665,0.07228327193816034,0.8616666666666667,0.2734375,4743.19390135907,-570.4706628363929,8,-2,9,-2,8|-2,9|-2|8|-2
lower_speed,drive_03,C,OPM7,set1,1830.0,30.0,1.0,20.11990353771778,19.96486562130189,20.604688359529803,-0.00047311023117228824,0.00047311023117228824,33.89498519897461,-84.56582701993739,0.5142489082555328,1.454515560981064,1.3122373310198125,0.055819933258342405,10.483697751872066,1.422072244504356,1.4221322580955582,1.353129105827323,0.023199468404838212,0.9084683189780107,0.04355739534394361,0.8883333333333333,0.1953125,4129.597977294726,-557.3986871283851,8,-1,8,-2,8|-1,8|-2|8|-1
lower_speed,drive_03,C,OPM7,set1,1860.0,22.05,0.735,19.8916078627724,18.6405362450495,20.43531879946426,-0.0005082768123276398,0.0005082768123276398,33.895103454589844,-84.5716936517992,1.116036062612006,3.1566266716867353,3.071171303729883,0.1071105635930819,13.969954483741713,3.349568355182744,3.3497117146791964,3.1383834168003637,0.052853859758598784,1.6973480179109075,0.10244379136985317,0.9614512471655329,0.234375,3587.5391595084134,-544.3267114203773,7,-2,7,-2,7|-2,7|-2|7|-2
lower_speed,drive_03,C,OPM7,set1,1950.0,25.9,0.8633333333333333,23.364111362777955,22.663547793333915,24.076496890038253,-0.0006025761772773079,0.0006025761772773079,33.89669983567194,-84.59153719669165,1.9736020620236578,5.582189605682727,5.179158326980135,0.2880558070416801,150.27935165900553,6.271170408944849,6.271582416731102,5.26495039448895,0.10986117088798619,6.167961473886143,0.14283476463394196,0.9980694980694981,0.1171875,1754.0563812349826,-367.8627466056045,9,-2,3,-1,9|-2,3|-1|9|-2
lower_speed,drive_03,C,OPM7,set1,2070.0,29.1,0.9700000000000001,21.423853080028145,21.07004967675759,21.599341301747025,-0.00045238414063927693,0.0004866435111051858,33.904810254457516,-84.60867128343116,0.7674836442581928,2.170771557218928,2.0755039421932833,0.09086882568930256,26.66613788262585,2.3162683683947733,2.3162656094919054,2.2375439191555007,0.03807327824259654,1.568726924830304,0.07494028660563963,0.872852233676976,0.15625,170.9192387228862,528.6629459520955,8,-1,0,1,8|-1,0|1|8|-1
lower_speed,drive_03,C,OPM7,set1,2100.0,30.0,1.0,23.86198718300046,23.20591993636141,24.54070824820505,-0.0004088612645006737,0.0004088612645006737,33.90335725285135,-84.61600664299755,0.760944551087849,2.152276208724685,1.8712575116586498,0.10588024486848074,13.809489483777103,2.002928387144914,2.0029288085850827,1.9410629023013763,0.03262825495168183,1.4192789608032574,0.07199747739105002,0.94,0.234375,-506.84552106668707,368.04814840655325,9,-1,-2,0,9|-1,-2|0|9|-1
lower_speed,drive_03,C,OPM7,set1,2130.0,27.05,0.9016666666666667,22.500352203845978,22.233360612862988,22.606273651123047,-0.00012676774779678065,0.00020167519960676076,33.90162738685561,-84.62287742843722,0.8897507541778469,2.516595167380002,2.2018506757355896,0.09483844480845655,17.811873511705873,2.220538206113574,2.2205380135094814,2.379481818622616,0.04072803230569517,17.166622174790778,0.09267792631404623,0.8761552680221811,0.1953125,-1141.6850542815616,176.8287612372464,9,-1,-3,0,9|-1,-3|0|9|-1
lower_speed,drive_03,C,OPM7,set1,2250.0,21.1,0.7033333333333334,16.755066845477337,15.718370542686054,18.102756224396554,-0.0006013585379633677,0.0006013585379633677,33.899664547771074,-84.62940346519844,1.3365476393776021,3.7803275967310994,3.9543693829214916,0.11207946041293466,14.618025599037717,4.17814540060381,4.178145926143401,3.9551084924494293,0.06704535378508227,1.8839233993940776,0.12444572851590091,0.8862559241706162,0.234375,-1744.670865381205,-40.14347116715257,6,-2,-4,-1,6|-2,-4|-1|6|-2
lower_speed,drive_03,C,OPM7,set1,2310.0,28.25,0.9416666666666667,20.432810555564032,18.71744463344415,21.279445811112723,-0.0004508492103650727,0.0004508492103650727,33.8982670944111,-84.63705704960168,0.47314103003170266,1.3382449231720197,1.2783618481067747,0.05073520517613896,9.528720752570294,1.597128586058112,1.5971283400679515,1.3603908523338615,0.021661521299766718,0.8829159535423885,0.061310423765595416,0.9168141592920354,0.1953125,-2451.838625550217,-194.6179655783213,8,-1,-5,-1,8|-1,-5|-1|8|-1
lower_speed,drive_03,C,OPM7,set1,2340.0,30.0,1.0,21.754959272765895,21.107291992947744,23.598942929363794,-0.0007214225356738523,0.0007214225356738523,33.897053292393686,-84.64372290322478,0.6172209434256407,1.745764458346516,1.534029989120579,0.07255966482717494,9.463634407173064,1.6287892220255058,1.6287892222001457,1.639291937842618,0.02733728097653904,1.14648873778254,0.06473497415869144,0.91,0.234375,-3067.743086506795,-328.7916405836761,8,-2,-7,-1,8|-2,-7|-1|8|-2
lower_speed,drive_03,C,OPM7,set1,2370.0,30.0,1.0,22.626227742996672,22.438447722405517,23.135407386720917,-0.001130597955516966,0.001130597955516966,33.897091969122755,-84.6512437177134,0.6290222144733536,1.779143493484349,1.5807688139758729,0.08194482903744552,10.687699638852882,1.5336598889840398,1.533659876285025,1.6211962757626839,0.027525622055300014,1.0556564739070318,0.06303226960856807,0.99,0.234375,-3762.643313164836,-324.5163149523657,9,-3,-8,-1,9|-3,-8|-1|9|-3
lower_speed,drive_03,C,OPM7,set1,2400.0,30.0,1.0,23.213957522276456,22.940110209557385,23.58711841957874,-0.00036303864557085035,0.00036303864557085035,33.89961273610141,-84.65820218333275,0.6926921432943297,1.959229247192257,1.7407774117020287,0.09460090112596795,12.338374839212223,1.6596867055811257,1.659685074343793,1.7965377526144812,0.02773671669345674,2.14454024476439,0.06685364946232233,0.8216666666666667,0.234375,-4405.584226465842,-45.870733131805395,9,-1,-9,-1,9|-1,-9|-1|9|-1
lower_speed,drive_04,A,CD210,set1,120.0,22.3,0.7433333333333334,25.21944100448486,25.04229637862685,26.285826239447346,-0.00040316665867662187,0.00040316665867662187,33.89944384922272,-84.6581749212568,0.8353909055061834,2.362842296899971,1.8739747959506932,0.12096586937722664,22.718938178840446,1.7010873163872753,1.7011151338223378,2.035311909144624,0.03363650058868933,1.6546887675697526,0.10049736930751083,0.6390134529147982,0.1953125,-4403.065294137069,-64.53948870219676,10,-1,-9,-1,10|-1,-9|-1|10|-1
lower_speed,drive_04,A,CD210,set1,150.0,30.0,1.0,26.46398106512236,26.315944925626777,26.54069698898755,0.00037249763132448993,0.00037249763132448993,33.89671534923918,-84.64898086060248,0.5554945217795577,1.5711757730492144,1.3154622587248046,0.09236606407163259,12.046894980640543,1.1129214762226527,1.1127977501575603,1.336293764461255,0.02307486632672414,1.109683087833343,0.07768501367376088,0.885,0.234375,-3553.562245993969,-366.1478768827293,10,0,-8,-1,10|0,-8|-1|10|0
lower_speed,drive_04,A,CD210,set1,180.0,30.0,1.0,26.331601361451717,25.649231659708597,26.571074911087358,-0.00032396491350439733,0.00032396491350439733,33.89756916567761,-84.64036192091268,0.7085352285451502,2.0040402592553437,1.721928970675317,0.10493505216512984,13.686212202795364,1.5880512448265405,1.588014034800937,1.7404036574387531,0.02940186579327528,1.3743617652754185,0.08903809898649452,0.9933333333333333,0.234375,-2757.1986136961204,-271.767007778779,10,-1,-6,-1,10|-1,-6|-1|10|-1
lower_speed,drive_04,A,CD210,set1,210.0,30.0,1.0,21.152317547079853,19.848306080528193,22.424716083542307,-0.0003756396248147439,0.0003756396248147439,33.898918941843746,-84.6329416184435,1.1217640884379176,3.1728279753039903,2.8812054882340665,0.119416206659119,15.574924785072605,2.740919079725618,2.740979065280156,3.0746260379444315,0.0493279109596119,2.184567824098547,0.11135864902013486,0.8833333333333333,0.234375,-2071.585389820691,-122.56275037399917,8,-1,-5,-1,8|-1,-5|-1|8|-1
lower_speed,drive_04,A,CD210,set1,240.0,26.75,0.8916666666666667,18.655679126182054,17.906387893642737,19.497537686473642,1.6526411647857156e-05,0.00021793496123977054,33.900113225718165,-84.62672209592695,1.3762480143481808,3.8926172141604787,3.689227642705703,0.11784980879278494,22.133702127184538,3.3771063181508274,3.377079281763679,3.947569675747323,0.06604357804554235,2.684626053330225,0.15949815326113836,0.7794392523364486,0.1953125,-1496.9205562451723,9.453389104277079,7,0,-3,0,7|0,-3|0|7|0
lower_speed,drive_04,A,CD210,set1,270.0,28.85,0.9616666666666667,21.063077212668755,20.781661163370515,21.381724257622995,-0.0007520894198688334,0.0007520894198688334,33.9021844897992,-84.62108420643676,1.1428943452769709,3.2325933669004225,2.9000567152669885,0.1279647672682887,16.689875529476318,2.443590474510043,2.4437500798222676,3.057464323252855,0.04810531569391644,2.190958585359468,0.12379227366817416,0.9410745233968805,0.234375,-975.9968330851776,238.4109206215149,8,-2,-2,0,8|-2,-2|0|8|-2
lower_speed,drive_04,A,CD210,set1,300.0,23.0,0.7666666666666667,22.221799441933516,21.54565176669152,22.440419181786915,-0.00033736323589551474,0.00033736323589551474,33.90376293049979,-84.61321083578167,0.8857274179980702,2.5052154541971485,2.2998249273660467,0.11020541293512902,32.340604321090396,1.9738188732259114,1.9738495433819416,2.3170738274932408,0.03941881398403309,1.9333298293368497,0.11522505521320184,0.9521739130434783,0.15625,-248.52149632906648,412.8917556648428,8,-1,-1,0,8|-1,-1|0|8|-1
lower_speed,drive_04,A,CD210,set1,420.0,21.8,0.7266666666666667,24.4012151806839,23.872239292970736,24.800520168328138,0.00012786556998308488,0.00034651115053044843,33.89644221009427,-84.5911174524151,1.9436729436166096,5.497537275360491,5.07913299736738,0.29528863725208676,86.65466353730834,4.7321590395111155,4.732192228365042,5.1775460365503845,0.09846186703471875,4.414514305650012,0.1278985877872352,1.0,0.15625,1792.8394669431573,-396.3406779609586,9,0,3,-1,9|0,3|-1|9|0
lower_speed,drive_04,A,CD210,set1,450.0,25.75,0.8583333333333333,22.39392330509206,20.932976834118396,23.742581249127554,-0.00019540406571253317,0.0002912390435548306,33.89538353579552,-84.58503181203761,1.8272674670086673,5.168292867853578,4.793860243784722,0.22497876889961987,117.3719213457274,4.714156984419066,4.7143390580224205,5.924239558848086,0.12292018460850432,12.781211497881113,0.07845328154395026,0.9378640776699029,0.1171875,2355.134000877003,-513.3665349452446,8,-1,4,-2,8|-1,4|-2|8|-1
lower_speed,drive_04,A,CD210,set1,540.0,27.15,0.9049999999999999,24.786541350844765,24.023418624448908,25.35010535725011,-0.0006870123936111305,0.0006870123936111305,33.89755808363298,-84.59370015164096,1.2371691554056006,3.4992427970485354,3.234818119441657,0.18443223740349843,54.12302222787338,2.953884548160206,2.9538735516897754,3.278244427214778,0.06385707129531372,3.0502939269856935,0.0870360197018572,0.996316758747698,0.15625,1554.2059678517116,-272.99201699212585,9,-2,3,-1,9|-2,3|-1|9|-2
lower_speed,drive_04,A,CD210,set1,630.0,21.15,0.705,19.123074375092983,18.708990166500545,19.912155799075464,0.0007164124665096531,0.0010027715860928034,33.90527864240924,-84.60464288667299,1.46159640124999,4.134018906726888,4.089919902143295,0.14026739095592683,73.17780810683979,3.473208861593568,3.473323042210992,4.015208268819058,0.06977535335812378,2.6916575385840504,0.10761389482171495,0.6572104018912529,0.1171875,543.1307624296056,580.4385501360338,7,1,1,1,7|1,1|1|7|1
lower_speed,drive_04,A,CD210,set1,660.0,30.0,1.0,24.46544124606364,23.49385313547124,25.458894152496832,-0.00036213095595023434,0.00036213095595023434,33.90438135919724,-84.61077939756387,0.5760976417567235,1.6294501964470303,1.4362276575626904,0.08453993030867454,24.808876103524764,1.3284532107348912,1.3284254458887046,1.4362128729866988,0.024679308430989595,1.2169403122520184,0.08347354735776244,0.9433333333333334,0.15625,-23.86405115335974,481.25286388098925,9,-1,-1,0,9|-1,-1|0|9|-1
lower_speed,drive_04,A,CD210,set1,690.0,28.25,0.9416666666666667,25.41771680766886,23.94549208879471,25.79636255439959,-0.00010362104947871997,0.00019675445043166367,33.90282105403685,-84.61872770393802,0.6849606332613809,1.9373612344998172,1.6153484137359104,0.08822828107906756,16.570400178003084,1.5193372543713382,1.5192724218779097,1.7478939368212723,0.0270016466454403,1.2883968081889967,0.08256065682147463,0.9274336283185841,0.1953125,-758.2632188636076,308.7767314515932,10,-1,-2,0,10|-1,-2|0|10|-1
lower_speed,drive_04,A,CD210,set1,750.0,26.05,0.8683333333333334,24.058026556334745,22.375445014756657,24.49663024556403,-0.00050655312340469,0.00050655312340469,33.89957809448242,-84.62985979660456,0.8304943123717666,2.3489926400597403,2.1151174322899817,0.10816489312659228,20.314751034448143,1.890145291234091,1.890118175316368,2.1132936746628403,0.03754567360360266,257.5365753720412,0.09193635744799664,0.9309021113243762,0.1953125,-1786.8344898169667,-49.700017694791256,9,-2,-4,-1,9|-2,-4|-1|9|-2
lower_speed,drive_04,A,CD210,set1,840.0,30.0,1.0,22.622637805085887,21.31337711643523,26.358522823701303,-0.00046238514516290383,0.00046238514516290383,33.897232331015175,-84.64269504632168,0.5587175748508328,1.5802919437805054,1.3570426129849966,0.06749503680776883,12.676431596026253,1.1095823212837688,1.1096845228032364,1.4013875967794662,0.02311769432015808,1.1319456831354817,0.06453073279334598,0.945,0.1953125,-2972.772256416181,-309.00071136425225,9,-1,-6,-1,9|-1,-6|-1|9|-1
lower_speed,drive_04,A,CD210,set1,870.0,30.0,1.0,23.79055925610843,23.099254051169435,24.13269238155949,-0.0010686627884271857,0.0010686627884271857,33.89688104886589,-84.65010801151749,0.6159813290526226,1.7422582994296463,1.581135696226174,0.08718778532608315,11.371515111907176,1.481213857387025,1.481359493303148,1.5682157987916048,0.02682976561430428,1.376161176129558,0.07539874612665363,0.9766666666666667,0.234375,-3657.707538701879,-347.8314401458766,9,-3,-8,-1,9|-3,-8|-1|9|-3
lower_speed,drive_04,A,CD210,set1,900.0,30.0,1.0,24.029612795260157,23.482566239800143,24.242640676281667,-0.00028603219462145657,0.00028603219462145657,33.899238696205444,-84.6573412229773,0.937335729301459,2.651185801749999,2.3015880465022787,0.12906307870562447,16.83312340600551,1.9055731658779653,1.9055321290726863,2.425036341640673,0.035189776452930005,1.7516270554050748,0.10101077729118846,0.8816666666666667,0.234375,-4326.034126266756,-87.21710323193179,9,-1,-9,-1,9|-1,-9|-1|9|-1
lower_speed,drive_05,C,OPM7,set1,240.0,22.4,0.7466666666666666,28.18150138522205,28.049235478005283,28.326447460895103,0.00029496946731690453,0.00029496946731690453,33.897428870283136,-84.65295136995616,0.431691397248506,1.2210076574972573,0.9279560846004963,0.07369805230107081,21.62724575159423,0.9425830356701411,0.9424272692716192,1.0609903993491145,0.017541660603191133,0.9156796492265807,0.06649834440393014,0.9241071428571429,0.15625,-3920.4251508024367,-287.2752606838637,11,0,-8,-1,11|0,-8|-1|11|0
lower_speed,drive_05,C,OPM7,set1,270.0,30.0,1.0,28.289035477724163,28.066545947586402,28.367254019031364,0.00022104711508539758,0.00027156798426195754,33.89674531739334,-84.64493935753057,0.39753082872464884,1.1243869788876288,0.8542909310614474,0.0682226215149724,35.59189253999069,0.7947097623024592,0.7947033178205826,0.8772364705503504,0.015067288070853026,0.6027962962186708,0.04317783958331739,0.895,0.1171875,-3180.1397390359507,-362.83519712198,11,0,-7,-1,11|0,-7|-1|11|0
lower_speed,drive_05,C,OPM7,set1,300.0,30.0,1.0,28.171357048064003,28.108622909624764,28.342151360477445,-0.0002814251422325914,0.0002814251422325914,33.898373750246705,-84.63585985741162,0.4454483404508042,1.2599181688042302,0.8754717914770443,0.06949190654553726,9.063520336964139,0.8547808549822951,0.8547822794206187,1.0297750794717273,0.014954412002459703,0.6208030198678237,0.05102240454208386,0.8083333333333333,0.234375,-2341.2217335251557,-182.8282295109267,11,-1,-5,-1,11|-1,-5|-1|11|-1
lower_speed,drive_05,C,OPM7,set1,330.0,30.0,1.0,27.903315014511577,26.754343907394308,28.172761012442397,-3.613598463051907e-05,0.00020372963004615553,33.90002770564304,-84.62698778402847,0.8058781445477495,2.279367603278986,1.5905265469512668,0.11756759704934176,61.33527541809226,1.5930096328425956,1.5930096362847164,1.9163963474757277,0.031961876124171416,1.5551096671194005,0.053236094806091046,0.735,0.1171875,-1521.4693231702142,0.0,11,-1,-4,0,11|-1,-4|0|11|-1
lower_speed,drive_05,C,OPM7,set1,360.0,27.15,0.9049999999999999,28.238593246396732,28.223007624099097,28.264950005500324,-0.0005297264456399404,0.0005297264456399404,33.90272020873328,-84.61874868166845,0.5854769588208085,1.655978911242683,1.2685574304961869,0.10105189492703251,52.718997091251346,1.255571505665018,1.255592245906648,1.3980416748747422,0.023347939965936055,1.1201957200966242,0.08046921911737107,0.9502762430939227,0.1171875,-760.2014969120937,297.6292915948652,11,-2,-2,0,11|-2,-2|0|11|-2
lower_speed,drive_05,C,OPM7,set1,390.0,22.75,0.7583333333333333,26.088700791479837,21.815198100789495,28.063429153494965,-0.00022560474509387927,0.00022560474509387927,33.90465343160118,-84.60877274820464,0.6371664048308828,1.802178742400681,1.5569472156677204,0.09313647549027337,27.331596710815763,1.3367549074018272,1.3367593000747313,1.6679306999731558,0.028514380559772293,17.85857437781649,0.09553266324666662,0.8417582417582418,0.15625,161.54420438382414,511.3277474130574,10,-1,0,1,10|-1,0|1|10|-1
lower_speed,drive_05,C,OPM7,set1,570.0,24.45,0.815,24.929600462484895,23.780979741825146,25.414417793078975,0.00011300108453201215,0.00032092785988651116,33.896947904975114,-84.59231194764554,1.4981627301966551,4.237444103372027,4.0114669927034585,0.22542490251106018,66.1526270086385,4.4766744271957695,4.4766584265699185,4.1730848225469925,0.08629647179892946,4.38527062109817,0.140346371463792,1.0,0.15625,1682.4717657282713,-340.44116583256607,9,0,3,-1,9|0,3|-1|9|0
lower_speed,drive_05,C,OPM7,set1,750.0,30.0,1.0,23.88754804049009,23.563843376328293,24.24709286880371,0.0001422783569396833,0.0001422783569396833,33.8805887507382,-84.5886459350586,1.5343062013552307,4.339673277579425,1.6080061544582016,0.08978920115333873,46.843224838551315,5.022298553026767,5.022241794942458,5.084435923311703,0.04501485122410833,13.762550155625174,0.07004667879205446,0.855,0.1171875,2021.2001017957953,-2148.782075181276,9,0,4,-5,9|0,4|-5|9|0
lower_speed,drive_06,A,CD210,set1,150.0,26.15,0.8716666666666666,26.617553258632157,26.214217949307717,26.920811809042352,-8.777206947922236e-05,0.0004734394567363531,33.900631987091614,-84.66118273352271,1.593488373469977,4.50706573849017,4.316472613060613,0.29472070497078684,86.48799955319436,4.765683707463813,4.765435105354988,5.403050857409175,0.1620077004531862,3.515560261802936,0.06389013249988242,0.7533460803059273,0.15625,-4680.977936243482,66.79727132535106,10,-1,-10,0,10|-1,-10|0|10|-1
lower_speed,drive_06,A,CD210,set1,180.0,30.0,1.0,26.031804878945344,25.448611694333252,27.084142654966772,0.00010215407233094871,0.0003249036360145265,33.89774479462032,-84.65395263006013,0.5856698525035354,1.6565244969671,1.2517510399629599,0.0854827987558063,8.191205849902975,0.9752185637135722,0.9751350507893763,1.3388452781920692,0.020902884286385374,1.0023478157603605,0.08336985862788428,0.84,0.2734375,-4012.938518104606,-252.3529844512285,10,0,-9,-1,10|0,-9|-1|10|0
lower_speed,drive_06,A,CD210,set1,210.0,30.0,1.0,27.405356769325834,27.21011170324597,27.45258203725572,0.0001995560231690557,0.0002902447622291452,33.896697998046875,-84.64516535419867,0.4823491582427318,1.364289442772235,1.1004934466908054,0.082211780787702,24.125663179106706,0.9567598850543825,0.9567950396962076,1.0978023179374703,0.020768051470169625,0.9700991830346931,0.077337419192661,0.9016666666666666,0.15625,-3201.0211390650466,-368.0658776801428,10,0,-7,-1,10|0,-7|-1|10|0
lower_speed,drive_06,A,CD210,set1,240.0,22.8,0.76,27.245628138273723,27.18438230415845,27.305580266307757,-0.00031403296904050344,0.00031403296904050344,33.89806360500193,-84.63740561417197,0.5222678278370587,1.4771964906366104,0.9958378720270008,0.07447322465018409,21.854725886695032,1.0661164377494918,1.066166361515024,1.1834894316024016,0.018364394530623836,1.1093647235460784,0.08268847851714864,0.7127192982456141,0.15625,-2484.044924384583,-217.1116848683694,10,-1,-5,-1,10|-1,-5|-1|10|-1
lower_speed,drive_06,A,CD210,set1,270.0,29.0,0.9666666666666667,27.22779013852911,27.178656926930074,27.321968131449758,-5.725324069381223e-05,0.00020535626037490416,33.899928514157935,-84.62739221155395,0.7289363713245116,2.06174340486831,1.561444367300389,0.11549171557152019,60.25228345965267,1.4407559212434249,1.4407525052292314,1.686287494704765,0.030670565791926653,1.4881683028777195,0.07470930929366544,0.6862068965517242,0.1171875,-1558.8371879871372,-10.964626763575325,10,-1,-4,-1,10|-1,-4|-1|10|-1
lower_speed,drive_06,A,CD210,set1,300.0,30.0,1.0,27.342650928424003,27.31530004947082,27.370232108332377,-0.000545760789989881,0.000545760789989881,33.90263161890637,-84.61915644673779,0.7380595642259454,2.087547691135017,1.6455206636587654,0.12282065121754389,64.07580539641285,1.4701623622220603,1.4701446130995535,1.7989532113272289,0.02804096320332236,2.712043995744118,0.09547834565362769,0.96,0.1171875,-797.8777405605455,287.83657212834896,10,-2,-2,0,10|-2,-2|0|10|-2
lower_speed,drive_06,A,CD210,set1,330.0,25.6,0.8533333333333334,27.071062132816138,23.410267394762034,27.161806019502027,-0.0002859483092484068,0.0002859483092484068,33.904223064745125,-84.61102014807348,0.5765562544889794,1.6307473491386968,1.2277635375348153,0.07970364395873616,10.395391835692067,1.1251114119923886,1.1251041594394957,1.450686215546135,0.021193001633456072,347.45271160831714,0.06715598930723482,0.921875,0.234375,-46.10866095532381,463.75499514439184,10,-1,-1,0,10|-1,-1|0|10|-1
lower_speed,drive_06,A,CD210,set1,750.0,30.0,1.0,22.807837114837763,21.864259343631197,23.51180121112515,-0.0007154062826803026,0.0007154062826803026,33.91475337863129,-84.59076055539053,0.8425021604422591,2.3829559632521526,2.058140284024854,0.10866337675810256,20.408372639168142,1.6482627457724488,1.6482662375918995,2.1963126091136833,0.03258896979983915,3.036890229767239,0.09111467974136124,1.0,0.1953125,1825.8156590358253,1627.775892120996,9,-2,3,3,9|-2,3|3|9|-2
lower_speed,drive_06,A,CD210,set1,780.0,30.0,1.0,21.51562645638094,20.798162845376254,22.1078060593664,0.00013216437984167495,0.00033120804211972865,33.917549323129236,-84.58422992997428,0.8361827568003249,2.365081990579086,2.1983373872981375,0.10318467438214897,13.457918212573329,1.862902230908792,1.862902234987754,2.197457842155639,0.03879287461419083,47.973485501674006,0.08129774967532503,0.9266666666666666,0.234375,2429.2254478078294,1936.8395969240894,8,0,4,3,8|0,4|3|8|0
lower_speed,drive_06,A,CD210,set1,870.0,26.95,0.8983333333333333,21.26399483055365,18.66052530543338,21.77516032287978,-0.000464292104124218,0.000464292104124218,33.92343875569175,-84.57608849203447,1.020024682040969,2.885065478595285,2.5724311902175763,0.10326197679313467,19.393920608069866,2.319226393325798,2.31923534151509,2.801177400318755,0.046506851660004574,19.615391690918013,0.09696725807355153,0.8923933209647495,0.1953125,3181.469380730604,2587.8574723841484,8,-1,6,5,8|-1,6|5|8|-1
lower_speed,drive_06,A,CD210,set1,900.0,30.0,1.0,22.203573003228023,21.88811412714993,22.490995356069796,-0.00044615116711566033,0.00044615116711566033,33.92705486395953,-84.57066019592742,1.1881907380787833,3.3607109129542265,2.8488997327899237,0.13770770792347914,17.96060395181839,2.3912946687034915,2.391447845384478,3.1273781828289424,0.045733111925796106,2.105944574094284,0.11848767393497357,1.0,0.234375,3683.0273171575973,2987.5820803051047,8,-1,7,5,8|-1,7|5|8|-1
lower_speed,drive_06,A,CD210,set1,930.0,30.0,1.0,25.337944104072243,22.702828967096572,25.926970773575384,-0.00036814860803567736,0.00036814860803567736,33.930735427623496,-84.56469186447957,0.8127774632607407,2.2988818234690793,1.8841931996017829,0.10582818667494036,13.80269976509886,1.5733250989047678,1.573352349849166,2.0063065488094622,0.0305007848609156,1.511594317655006,0.08511235770990773,1.0,0.234375,4234.482865244461,3394.4315877195468,10,-1,8,6,10|-1,8|6|10|-1
lower_speed,drive_06,A,CD210,set1,960.0,30.0,1.0,21.49187693741355,20.810263362950305,22.43122906935822,-0.0002559642957121126,0.0003631353346714791,33.93460748268913,-84.55819454069902,0.9128599724518668,2.58195790717792,2.257166238219103,0.10835882320966644,14.132759434463727,1.933300599705966,1.933221454074277,2.3872533424316864,0.03811172537108971,1.6623132003899688,0.11453459345906125,0.8083333333333333,0.234375,4834.8156848626095,3822.4485546748438,8,-1,9,7,8|-1,9|7|8|-1
lower_speed,drive_06,A,CD210,set1,1410.0,30.0,1.0,23.351560929837028,20.942083785169334,28.121563178959327,-0.000995262655539632,0.000995262655539632,33.97645933064141,-84.54973317902596,0.9168706302650194,2.593301760524716,2.2644729147455114,0.13091249748974412,24.58704221793516,1.855958720686767,1.8558939731680852,2.382020805985845,0.03875078761619253,1.6050451267941932,0.07896985253239017,1.0,0.1953125,5616.619590987887,8448.751827319902,9,-2,11,16,9|-2,11|16|9|-2
lower_speed,drive_06,A,CD210,set1,1440.0,25.6,0.8533333333333334,28.074572244423152,25.356388819013223,29.102686557681004,-0.00038141770180389234,0.00038141770180389234,33.98214037221091,-84.54472105891773,0.3602472087374548,1.01893297680712,0.8082212688151104,0.06948825194792417,36.25217473619852,0.6074025538324727,0.6073372847971569,0.8269133444729085,0.013442828263226049,0.5407691721155423,0.05158478800399509,1.0,0.1171875,6079.724139640331,9076.734162411929,11,-1,12,18,11|-1,12|18|11|-1
lower_speed,drive_06,A,CD210,set1,1860.0,30.0,1.0,20.23838081724608,19.68781765765985,20.929783324163697,-0.0005553469076028637,0.0005553469076028637,33.99468994140625,-84.51910782330987,1.0733169946032983,3.035798900987029,2.687807149112442,0.10821480345166717,20.324124832162326,2.3190301698785345,2.3188960312671445,2.8366910596129933,0.04534535768702976,2.3054569929862017,0.12965451321063087,0.8016666666666666,0.1953125,8446.30867065017,10463.96354126517,8,-2,16,20,8|-2,16|20|8|-2
lower_speed,drive_06,A,CD210,set1,1950.0,22.4,0.7466666666666666,19.14644394460143,18.238213715577558,19.413022630279126,4.0717943245951394e-05,4.0717943245951394e-05,33.997118009390235,-84.50623701685487,1.2508934277710606,3.5380609012744073,3.0959059770933357,0.10946112061997124,57.10610873488583,2.9538838644905363,2.953703669972212,3.5110171210972756,0.05803583460406925,3.009479078375051,0.09612481904421184,0.8839285714285714,0.1171875,9635.531770939331,10732.362176214845,7,0,19,21,7|0,19|21|7|0
lower_speed,drive_06,A,CD210,set1,1980.0,28.4,0.9466666666666667,21.107215347524352,20.5951676423213,21.250957682728767,-0.00038294999119681754,0.00038294999119681754,34.00101095467216,-84.50294870108957,0.8987686874669212,2.542101734503971,2.2208881166358063,0.09726983768536479,12.686472365768196,2.0871034379429614,2.0873164150583117,2.3132347597429495,0.041385919973788085,1.8088514465798147,0.16737969691806545,0.8362676056338029,0.234375,9939.362077363136,11162.688347678954,8,-1,19,22,8|-1,19|22|8|-1
lower_speed,drive_06,A,CD210,set1,2010.0,23.95,0.7983333333333333,22.997929699280682,22.801188741323323,23.483856304232464,-0.000260534561683074,0.000260534561683074,34.00704561972964,-84.49874886337686,0.79960822923052,2.2616336047258723,2.1106515067102336,0.108204006631988,31.753276642605854,1.9770121848863833,1.977179855264506,2.070484194134572,0.03532978524956924,10.177573632012006,0.11576243440790764,0.6555323590814196,0.15625,10327.414220239858,11829.760223132482,9,-1,20,23,9|-1,20|23|9|-1
lower_speed,drive_06,A,CD210,set1,2130.0,27.1,0.9033333333333334,19.703226519269606,18.78597936243453,20.290445000926653,-0.0005401678813449989,0.0005401678813449989,34.0189811889347,-84.49077279588118,1.9558453524860784,5.531966046780398,5.194278465344449,0.1986699998722088,19.037126636461757,4.3422912814449095,4.342093034896757,5.3072113185232945,0.0886776948895177,3.7629154510097496,0.15780408273888546,0.522140221402214,0.2734375,11064.378430562498,13149.118043060329,7,-2,22,26,7|-2,22|26|7|-2
lower_speed,drive_06,A,CD210,set1,2160.0,21.0,0.7,20.479595957791553,19.05400283351586,21.12708718223231,-0.0006738014253769187,0.0006738014253769187,34.02323318945797,-84.48558470750984,1.1236271775040638,3.1780975869544963,2.894258504665851,0.11568487980543243,60.35305766772771,2.553576892390271,2.5536956918305873,3.0756986741263357,0.049176776971532894,2.338713189571343,0.1534390546971034,0.6904761904761905,0.1171875,11543.741907832733,13619.134180902156,8,-2,23,27,8|-2,23|27|8|-2
lower_speed,drive_06,A,CD210,set1,2190.0,30.0,1.0,21.01722527111278,19.624715722049526,22.002234119566722,-0.000880198907892259,0.000880198907892259,34.02530278280085,-84.48043508027791,2.056127353433963,5.815606378385218,5.467253031458128,0.2417283687507982,126.11022463505718,4.597574346955738,4.597974863263639,5.649872595413797,0.10025413648408106,4.379123786031263,0.14003608704288362,0.6383333333333333,0.1171875,12019.551693606554,13847.907029024238,8,-2,24,27,8|-2,24|27|8|-2
lower_speed,drive_06,A,CD210,set1,2220.0,29.7,0.99,23.390106672352772,23.073509766941978,23.719591052838524,6.887563634820615e-05,8.215425576356405e-05,34.02713941052623,-84.4733474859348,1.0615574605929232,3.002537916017709,2.677696981015042,0.14660501544960822,27.534297896218366,2.2265448291901473,2.2262914912450724,2.716609412418885,0.04343513943356446,183.5842177261461,0.13598282688838506,0.6666666666666666,0.1953125,12674.42370553419,14050.927857787947,9,0,25,28,9|0,25|28|9|0
lower_speed,drive_06,A,CD210,set1,2400.0,22.4,0.7466666666666666,23.38968667753187,22.5051721360121,23.84576254534781,-0.00030228615976459806,0.00030228615976459806,34.03712844848633,-84.45502659145839,0.7090519205736926,2.0055016850040133,1.7539097289142567,0.09137618493637993,11.917789447068518,1.4822770591070498,1.4823833200165846,1.817359906540986,0.02878880487879698,1.3353609687652033,0.08165485619399106,0.9084821428571429,0.234375,14367.218248399671,15155.116113897006,9,-1,28,30,9|-1,28|30|9|-1
lower_speed,drive_06,A,CD210,set1,2460.0,22.3,0.7433333333333334,22.5583908283243,22.38640311690098,22.778431356277157,0.0004960629103808866,0.0006330319522457445,34.03362534461323,-84.4434873313347,1.7045954079206842,4.82132388848066,4.83003350923685,0.24771827561337326,129.2351722938119,4.386279170971955,4.386268553950671,4.954864912266292,0.1161277130252438,13.617376760534572,0.10682125160289145,0.8295964125560538,0.1171875,15433.410545465693,14767.883011764465,9,0,30,29,9|0,30|29|9|0
